service,month,year,calls_handled,average_wait,,,,,,,,,,,,,,,,,,,,,,,,,,,,, 
Access for Ontarians with Disabilities Act queues  (English + French),Jan,2016,678,0.27,,,,,,,,,,,,,,,,,,,,,,,,,,,,,
Access for Ontarians with Disabilities Act queues  (English + French),Feb,2016,645,0.23,,,,,,,,,,,,,,,,,,,,,,,,,,,,,
Access for Ontarians with Disabilities Act queues  (English + French),Mar,2016,585,0.2,,,,,,,,,,,,,,,,,,,,,,,,,,,,,
Access for Ontarians with Disabilities Act queues  (English + French),Apr,2016,566,0.18,,,,,,,,,,,,,,,,,,,,,,,,,,,,,
Access for Ontarians with Disabilities Act queues  (English + French),May,2016,640,0.27,,,,,,,,,,,,,,,,,,,,,,,,,,,,,
Access for Ontarians with Disabilities Act queues  (English + French),Jun,2016,"1,142",0.3,,,,,,,,,,,,,,,,,,,,,,,,,,,,,
Access for Ontarians with Disabilities Act queues  (English + French),Jul,2016,728,0.28,,,,,,,,,,,,,,,,,,,,,,,,,,,,,
Access for Ontarians with Disabilities Act queues  (English + French),Aug,2016,668,0.27,,,,,,,,,,,,,,,,,,,,,,,,,,,,,
Access for Ontarians with Disabilities Act queues  (English + French),Sep,2016,663,0.57,,,,,,,,,,,,,,,,,,,,,,,,,,,,,
Access for Ontarians with Disabilities Act queues  (English + French),Oct,2016,564,0.72,,,,,,,,,,,,,,,,,,,,,,,,,,,,,
Access for Ontarians with Disabilities Act queues  (English + French),Nov,2016,767,0.78,,,,,,,,,,,,,,,,,,,,,,,,,,,,,
Access for Ontarians with Disabilities Act queues  (English + French),Dec,2016,714,1.37,,,,,,,,,,,,,,,,,,,,,,,,,,,,,
Access for Ontarians with Disabilities Act queues  (English + French),Jan,2017,570,1.58,,,,,,,,,,,,,,,,,,,,,,,,,,,,,
Access for Ontarians with Disabilities Act queues  (English + French),Feb,2017,457,1.98,,,,,,,,,,,,,,,,,,,,,,,,,,,,,
Access for Ontarians with Disabilities Act queues  (English + French),Mar,2017,636,1.07,,,,,,,,,,,,,,,,,,,,,,,,,,,,,
Access for Ontarians with Disabilities Act queues  (English + French),Apr,2017,"1,465",1.35,,,,,,,,,,,,,,,,,,,,,,,,,,,,,
Access for Ontarians with Disabilities Act queues  (English + French),May,2017,"1,583",2.05,,,,,,,,,,,,,,,,,,,,,,,,,,,,,
Access for Ontarians with Disabilities Act queues  (English + French),Jun,2017,"1,712",2.28,,,,,,,,,,,,,,,,,,,,,,,,,,,,,
Access for Ontarians with Disabilities Act queues  (English + French),Jul,2017,"2,063",1.52,,,,,,,,,,,,,,,,,,,,,,,,,,,,,
Access for Ontarians with Disabilities Act queues  (English + French),Aug,2017,933,0.47,,,,,,,,,,,,,,,,,,,,,,,,,,,,,
Access for Ontarians with Disabilities Act queues  (English + French),Sep,2017,984,0.05,,,,,,,,,,,,,,,,,,,,,,,,,,,,,
Access for Ontarians with Disabilities Act queues  (English + French),Oct,2017,"1,241",0.48,,,,,,,,,,,,,,,,,,,,,,,,,,,,,
Access for Ontarians with Disabilities Act queues  (English + French),Nov,2017,"2,100",0.45,,,,,,,,,,,,,,,,,,,,,,,,,,,,,
Access for Ontarians with Disabilities Act queues  (English + French),Dec,2017,"4,676",0.48,,,,,,,,,,,,,,,,,,,,,,,,,,,,,
Access for Ontarians with Disabilities Act queues  (English + French),Jan,2018,948,0.38,,,,,,,,,,,,,,,,,,,,,,,,,,,,,
Access for Ontarians with Disabilities Act queues  (English + French),Feb,2018,724,0.23,,,,,,,,,,,,,,,,,,,,,,,,,,,,,
Access for Ontarians with Disabilities Act queues  (English + French),Mar,2018,757,0.25,,,,,,,,,,,,,,,,,,,,,,,,,,,,,
Access for Ontarians with Disabilities Act queues  (English + French),Apr,2018,466,0.78,,,,,,,,,,,,,,,,,,,,,,,,,,,,,
Access for Ontarians with Disabilities Act queues  (English + French),May,2018,512,0.43,,,,,,,,,,,,,,,,,,,,,,,,,,,,,
Access for Ontarians with Disabilities Act queues  (English + French),Jun,2018,420,0.53,,,,,,,,,,,,,,,,,,,,,,,,,,,,,
Access for Ontarians with Disabilities Act queues  (English + French),Jul,2018,374,1.12,,,,,,,,,,,,,,,,,,,,,,,,,,,,,
Access for Ontarians with Disabilities Act queues  (English + French),Aug,2018,371,1.35,,,,,,,,,,,,,,,,,,,,,,,,,,,,,
Access for Ontarians with Disabilities Act queues  (English + French),Sep,2018,357,1.13,,,,,,,,,,,,,,,,,,,,,,,,,,,,,
Access for Ontarians with Disabilities Act queues  (English + French),Oct,2018,408,1.6,,,,,,,,,,,,,,,,,,,,,,,,,,,,,
Access for Ontarians with Disabilities Act queues  (English + French),Nov,2018,426,1,,,,,,,,,,,,,,,,,,,,,,,,,,,,,
Access for Ontarians with Disabilities Act queues  (English + French),Dec,2018,311,0.67,,,,,,,,,,,,,,,,,,,,,,,,,,,,,
Access for Ontarians with Disabilities Act queues  (English + French),Jan,2019,392,0.53,,,,,,,,,,,,,,,,,,,,,,,,,,,,,
Access for Ontarians with Disabilities Act queues  (English + French),Feb,2019,343,0.57,,,,,,,,,,,,,,,,,,,,,,,,,,,,,
Access for Ontarians with Disabilities Act queues  (English + French),Mar,2019,476,1.2,,,,,,,,,,,,,,,,,,,,,,,,,,,,,
Access for Ontarians with Disabilities Act queues  (English + French),Apr,2019,431,1.93,,,,,,,,,,,,,,,,,,,,,,,,,,,,,
Access for Ontarians with Disabilities Act queues  (English + French),May,2019,537,2.25,,,,,,,,,,,,,,,,,,,,,,,,,,,,,
Access for Ontarians with Disabilities Act queues  (English + French),Jun,2019,516,2.62,,,,,,,,,,,,,,,,,,,,,,,,,,,,,
Access for Ontarians with Disabilities Act queues  (English + French),Jul,2019,402,7.53,,,,,,,,,,,,,,,,,,,,,,,,,,,,,
Access for Ontarians with Disabilities Act queues  (English + French),Aug,2019,704,2.37,,,,,,,,,,,,,,,,,,,,,,,,,,,,,
Access for Ontarians with Disabilities Act queues  (English + French),Sep,2019,539,3.22,,,,,,,,,,,,,,,,,,,,,,,,,,,,,
Adoption Information Disclosure Act queues  (English + French),Jan,2016,225,0.95,,,,,,,,,,,,,,,,,,,,,,,,,,,,,
Adoption Information Disclosure Act queues  (English + French),Feb,2016,239,0.87,,,,,,,,,,,,,,,,,,,,,,,,,,,,,
Adoption Information Disclosure Act queues  (English + French),Mar,2016,242,0.67,,,,,,,,,,,,,,,,,,,,,,,,,,,,,
Adoption Information Disclosure Act queues  (English + French),Apr,2016,275,0.68,,,,,,,,,,,,,,,,,,,,,,,,,,,,,
Adoption Information Disclosure Act queues  (English + French),May,2016,222,0.58,,,,,,,,,,,,,,,,,,,,,,,,,,,,,
Adoption Information Disclosure Act queues  (English + French),Jun,2016,233,0.87,,,,,,,,,,,,,,,,,,,,,,,,,,,,,
Adoption Information Disclosure Act queues  (English + French),Jul,2016,217,1,,,,,,,,,,,,,,,,,,,,,,,,,,,,,
Adoption Information Disclosure Act queues  (English + French),Aug,2016,235,0.45,,,,,,,,,,,,,,,,,,,,,,,,,,,,,
Adoption Information Disclosure Act queues  (English + French),Sep,2016,209,0.65,,,,,,,,,,,,,,,,,,,,,,,,,,,,,
Adoption Information Disclosure Act queues  (English + French),Oct,2016,201,0.85,,,,,,,,,,,,,,,,,,,,,,,,,,,,,
Adoption Information Disclosure Act queues  (English + French),Nov,2016,202,0.73,,,,,,,,,,,,,,,,,,,,,,,,,,,,,
Adoption Information Disclosure Act queues  (English + French),Dec,2016,149,2.4,,,,,,,,,,,,,,,,,,,,,,,,,,,,,
Adoption Information Disclosure Act queues  (English + French),Jan,2017,240,1.77,,,,,,,,,,,,,,,,,,,,,,,,,,,,,
Adoption Information Disclosure Act queues  (English + French),Feb,2017,260,1.77,,,,,,,,,,,,,,,,,,,,,,,,,,,,,
Adoption Information Disclosure Act queues  (English + French),Mar,2017,337,1.22,,,,,,,,,,,,,,,,,,,,,,,,,,,,,
Adoption Information Disclosure Act queues  (English + French),Apr,2017,238,1.42,,,,,,,,,,,,,,,,,,,,,,,,,,,,,
Adoption Information Disclosure Act queues  (English + French),May,2017,279,1.52,,,,,,,,,,,,,,,,,,,,,,,,,,,,,
Adoption Information Disclosure Act queues  (English + French),Jun,2017,265,1.38,,,,,,,,,,,,,,,,,,,,,,,,,,,,,
Adoption Information Disclosure Act queues  (English + French),Jul,2017,205,1.08,,,,,,,,,,,,,,,,,,,,,,,,,,,,,
Adoption Information Disclosure Act queues  (English + French),Aug,2017,296,0.55,,,,,,,,,,,,,,,,,,,,,,,,,,,,,
Adoption Information Disclosure Act queues  (English + French),Sep,2017,273,0.47,,,,,,,,,,,,,,,,,,,,,,,,,,,,,
Adoption Information Disclosure Act queues  (English + French),Oct,2017,272,0.52,,,,,,,,,,,,,,,,,,,,,,,,,,,,,
Adoption Information Disclosure Act queues  (English + French),Nov,2017,266,0.32,,,,,,,,,,,,,,,,,,,,,,,,,,,,,
Adoption Information Disclosure Act queues  (English + French),Dec,2017,174,0.25,,,,,,,,,,,,,,,,,,,,,,,,,,,,,
Adoption Information Disclosure Act queues  (English + French),Jan,2018,270,0.43,,,,,,,,,,,,,,,,,,,,,,,,,,,,,
Adoption Information Disclosure Act queues  (English + French),Feb,2018,229,0.22,,,,,,,,,,,,,,,,,,,,,,,,,,,,,
Adoption Information Disclosure Act queues  (English + French),Mar,2018,255,0.2,,,,,,,,,,,,,,,,,,,,,,,,,,,,,
Adoption Information Disclosure Act queues  (English + French),Apr,2018,251,0.58,,,,,,,,,,,,,,,,,,,,,,,,,,,,,
Adoption Information Disclosure Act queues  (English + French),May,2018,254,0.48,,,,,,,,,,,,,,,,,,,,,,,,,,,,,
Adoption Information Disclosure Act queues  (English + French),Jun,2018,233,0.47,,,,,,,,,,,,,,,,,,,,,,,,,,,,,
Adoption Information Disclosure Act queues  (English + French),Jul,2018,259,0.65,,,,,,,,,,,,,,,,,,,,,,,,,,,,,
Adoption Information Disclosure Act queues  (English + French),Aug,2018,269,0.72,,,,,,,,,,,,,,,,,,,,,,,,,,,,,
Adoption Information Disclosure Act queues  (English + French),Sep,2018,217,0.72,,,,,,,,,,,,,,,,,,,,,,,,,,,,,
Adoption Information Disclosure Act queues  (English + French),Oct,2018,216,1.07,,,,,,,,,,,,,,,,,,,,,,,,,,,,,
Adoption Information Disclosure Act queues  (English + French),Nov,2018,203,0.68,,,,,,,,,,,,,,,,,,,,,,,,,,,,,
Adoption Information Disclosure Act queues  (English + French),Dec,2018,156,0.52,,,,,,,,,,,,,,,,,,,,,,,,,,,,,
Adoption Information Disclosure Act queues  (English + French),Jan,2019,206,0.57,,,,,,,,,,,,,,,,,,,,,,,,,,,,,
Adoption Information Disclosure Act queues  (English + French),Feb,2019,247,0.58,,,,,,,,,,,,,,,,,,,,,,,,,,,,,
Adoption Information Disclosure Act queues  (English + French),Mar,2019,293,1.02,,,,,,,,,,,,,,,,,,,,,,,,,,,,,
Adoption Information Disclosure Act queues  (English + French),Apr,2019,257,2.13,,,,,,,,,,,,,,,,,,,,,,,,,,,,,
Adoption Information Disclosure Act queues  (English + French),May,2019,266,2.33,,,,,,,,,,,,,,,,,,,,,,,,,,,,,
Adoption Information Disclosure Act queues  (English + French),Jun,2019,217,2.67,,,,,,,,,,,,,,,,,,,,,,,,,,,,,
Adoption Information Disclosure Act queues  (English + French),Jul,2019,200,8.4,,,,,,,,,,,,,,,,,,,,,,,,,,,,,
Adoption Information Disclosure Act queues  (English + French),Aug,2019,206,2.78,,,,,,,,,,,,,,,,,,,,,,,,,,,,,
Adoption Information Disclosure Act queues  (English + French),Sep,2019,192,2.38,,,,,,,,,,,,,,,,,,,,,,,,,,,,,
Business Information Referral queues (English + French),Jan,2016,"4,626",0.08,,,,,,,,,,,,,,,,,,,,,,,,,,,,,
Business Information Referral queues (English + French),Feb,2016,"4,541",0.08,,,,,,,,,,,,,,,,,,,,,,,,,,,,,
Business Information Referral queues (English + French),Mar,2016,"4,982",0.2,,,,,,,,,,,,,,,,,,,,,,,,,,,,,
Business Information Referral queues (English + French),Apr,2016,"4,837",0.13,,,,,,,,,,,,,,,,,,,,,,,,,,,,,
Business Information Referral queues (English + French),May,2016,"4,900",0.12,,,,,,,,,,,,,,,,,,,,,,,,,,,,,
Business Information Referral queues (English + French),Jun,2016,"5,271",0.15,,,,,,,,,,,,,,,,,,,,,,,,,,,,,
Business Information Referral queues (English + French),Jul,2016,"4,080",0.22,,,,,,,,,,,,,,,,,,,,,,,,,,,,,
Business Information Referral queues (English + French),Aug,2016,"4,616",0.33,,,,,,,,,,,,,,,,,,,,,,,,,,,,,
Business Information Referral queues (English + French),Sep,2016,"4,531",0.33,,,,,,,,,,,,,,,,,,,,,,,,,,,,,
Business Information Referral queues (English + French),Oct,2016,"4,496",0.38,,,,,,,,,,,,,,,,,,,,,,,,,,,,,
Business Information Referral queues (English + French),Nov,2016,"4,772",0.07,,,,,,,,,,,,,,,,,,,,,,,,,,,,,
Business Information Referral queues (English + French),Dec,2016,"3,993",0.15,,,,,,,,,,,,,,,,,,,,,,,,,,,,,
Business Information Referral queues (English + French),Jan,2017,"4,872",0.27,,,,,,,,,,,,,,,,,,,,,,,,,,,,,
Business Information Referral queues (English + French),Feb,2017,"4,499",0.25,,,,,,,,,,,,,,,,,,,,,,,,,,,,,
Business Information Referral queues (English + French),Mar,2017,"5,268",0.47,,,,,,,,,,,,,,,,,,,,,,,,,,,,,
Business Information Referral queues (English + French),Apr,2017,"4,026",0.35,,,,,,,,,,,,,,,,,,,,,,,,,,,,,
Business Information Referral queues (English + French),May,2017,"4,926",0.22,,,,,,,,,,,,,,,,,,,,,,,,,,,,,
Business Information Referral queues (English + French),Jun,2017,"5,089",0.1,,,,,,,,,,,,,,,,,,,,,,,,,,,,,
Business Information Referral queues (English + French),Jul,2017,"4,425",0.03,,,,,,,,,,,,,,,,,,,,,,,,,,,,,
Business Information Referral queues (English + French),Aug,2017,"4,840",0.07,,,,,,,,,,,,,,,,,,,,,,,,,,,,,
Business Information Referral queues (English + French),Sep,2017,"4,300",0.1,,,,,,,,,,,,,,,,,,,,,,,,,,,,,
Business Information Referral queues (English + French),Oct,2017,"4,586",0.13,,,,,,,,,,,,,,,,,,,,,,,,,,,,,
Business Information Referral queues (English + French),Nov,2017,"5,040",0.18,,,,,,,,,,,,,,,,,,,,,,,,,,,,,
Business Information Referral queues (English + French),Dec,2017,"4,008",0.07,,,,,,,,,,,,,,,,,,,,,,,,,,,,,
Business Information Referral queues (English + French),Jan,2018,"4,988",0.15,,,,,,,,,,,,,,,,,,,,,,,,,,,,,
Business Information Referral queues (English + French),Feb,2018,"4,661",0.12,,,,,,,,,,,,,,,,,,,,,,,,,,,,,
Business Information Referral queues (English + French),Mar,2018,"4,967",0.15,,,,,,,,,,,,,,,,,,,,,,,,,,,,,
Business Information Referral queues (English + French),Apr,2018,"4,321",0.47,,,,,,,,,,,,,,,,,,,,,,,,,,,,,
Business Information Referral queues (English + French),May,2018,"5,172",0.33,,,,,,,,,,,,,,,,,,,,,,,,,,,,,
Business Information Referral queues (English + French),Jun,2018,"4,610",0.47,,,,,,,,,,,,,,,,,,,,,,,,,,,,,
Business Information Referral queues (English + French),Jul,2018,"4,780",0.27,,,,,,,,,,,,,,,,,,,,,,,,,,,,,
Business Information Referral queues (English + French),Aug,2018,"5,145",0.2,,,,,,,,,,,,,,,,,,,,,,,,,,,,,
Business Information Referral queues (English + French),Sep,2018,"4,242",0.45,,,,,,,,,,,,,,,,,,,,,,,,,,,,,
Business Information Referral queues (English + French),Oct,2018,"5,238",0.35,,,,,,,,,,,,,,,,,,,,,,,,,,,,,
Business Information Referral queues (English + French),Nov,2018,"4,937",0.35,,,,,,,,,,,,,,,,,,,,,,,,,,,,,
Business Information Referral queues (English + French),Dec,2018,"4,361",0.2,,,,,,,,,,,,,,,,,,,,,,,,,,,,,
Business Information Referral queues (English + French),Jan,2019,"5,715",0.15,,,,,,,,,,,,,,,,,,,,,,,,,,,,,
Business Information Referral queues (English + French),Feb,2019,"4,886",0.28,,,,,,,,,,,,,,,,,,,,,,,,,,,,,
Business Information Referral queues (English + French),Mar,2019,"5,203",0.18,,,,,,,,,,,,,,,,,,,,,,,,,,,,,
Business Information Referral queues (English + French),Apr,2019,"4,926",0.35,,,,,,,,,,,,,,,,,,,,,,,,,,,,,
Business Information Referral queues (English + French),May,2019,"5,431",0.5,,,,,,,,,,,,,,,,,,,,,,,,,,,,,
Business Information Referral queues (English + French),Jun,2019,"4,612",0.23,,,,,,,,,,,,,,,,,,,,,,,,,,,,,
Business Information Referral queues (English + French),Jul,2019,"4,656",0.6,,,,,,,,,,,,,,,,,,,,,,,,,,,,,
Business Information Referral queues (English + French),Aug,2019,"4,412",0.37,,,,,,,,,,,,,,,,,,,,,,,,,,,,,
Business Information Referral queues (English + French),Sep,2019,"4,165",0.32,,,,,,,,,,,,,,,,,,,,,,,,,,,,,
Responsive Feedback Mechanism queues (English + French),Jul,2019,0,0,,,,,,,,,,,,,,,,,,,,,,,,,,,,,
Responsive Feedback Mechanism queues (English + French),Aug,2019,9,0.25,,,,,,,,,,,,,,,,,,,,,,,,,,,,,
Responsive Feedback Mechanism queues (English + French),Sep,2019,10,0.23,,,,,,,,,,,,,,,,,,,,,,,,,,,,,
Small Business and Corporation queues (English + French),Jan,2016,"10,581",0.76,,,,,,,,,,,,,,,,,,,,,,,,,,,,,
Small Business and Corporation queues (English + French),Feb,2016,"10,451",0.64,,,,,,,,,,,,,,,,,,,,,,,,,,,,,
Small Business and Corporation queues (English + French),Mar,2016,"10,801",1.28,,,,,,,,,,,,,,,,,,,,,,,,,,,,,
Small Business and Corporation queues (English + French),Apr,2016,"11,294",0.72,,,,,,,,,,,,,,,,,,,,,,,,,,,,,
Small Business and Corporation queues (English + French),May,2016,"10,874",0.29,,,,,,,,,,,,,,,,,,,,,,,,,,,,,
Small Business and Corporation queues (English + French),Jun,2016,"10,601",0.3,,,,,,,,,,,,,,,,,,,,,,,,,,,,,
Small Business and Corporation queues (English + French),Jul,2016,"8,893",0.18,,,,,,,,,,,,,,,,,,,,,,,,,,,,,
Small Business and Corporation queues (English + French),Aug,2016,"10,203",0.39,,,,,,,,,,,,,,,,,,,,,,,,,,,,,
Small Business and Corporation queues (English + French),Sep,2016,"10,076",0.42,,,,,,,,,,,,,,,,,,,,,,,,,,,,,
Small Business and Corporation queues (English + French),Oct,2016,"9,560",0.29,,,,,,,,,,,,,,,,,,,,,,,,,,,,,
Small Business and Corporation queues (English + French),Nov,2016,"10,279",0.17,,,,,,,,,,,,,,,,,,,,,,,,,,,,,
Small Business and Corporation queues (English + French),Dec,2016,"8,465",0.15,,,,,,,,,,,,,,,,,,,,,,,,,,,,,
Small Business and Corporation queues (English + French),Jan,2017,"11,406",0.47,,,,,,,,,,,,,,,,,,,,,,,,,,,,,
Small Business and Corporation queues (English + French),Feb,2017,"10,079",0.32,,,,,,,,,,,,,,,,,,,,,,,,,,,,,
Small Business and Corporation queues (English + French),Mar,2017,"12,389",0.24,,,,,,,,,,,,,,,,,,,,,,,,,,,,,
Small Business and Corporation queues (English + French),Apr,2017,"9,540",0.23,,,,,,,,,,,,,,,,,,,,,,,,,,,,,
Small Business and Corporation queues (English + French),May,2017,"11,415",0.17,,,,,,,,,,,,,,,,,,,,,,,,,,,,,
Small Business and Corporation queues (English + French),Jun,2017,"11,054",0.33,,,,,,,,,,,,,,,,,,,,,,,,,,,,,
Small Business and Corporation queues (English + French),Jul,2017,"9,879",0.47,,,,,,,,,,,,,,,,,,,,,,,,,,,,,
Small Business and Corporation queues (English + French),Aug,2017,"10,475",0.25,,,,,,,,,,,,,,,,,,,,,,,,,,,,,
Small Business and Corporation queues (English + French),Sep,2017,"9,608",0.44,,,,,,,,,,,,,,,,,,,,,,,,,,,,,
Small Business and Corporation queues (English + French),Oct,2017,"10,225",0.76,,,,,,,,,,,,,,,,,,,,,,,,,,,,,
Small Business and Corporation queues (English + French),Nov,2017,"10,506",0.84,,,,,,,,,,,,,,,,,,,,,,,,,,,,,
Small Business and Corporation queues (English + French),Dec,2017,"7,871",0.42,,,,,,,,,,,,,,,,,,,,,,,,,,,,,
Small Business and Corporation queues (English + French),Jan,2018,"10,967",0.53,,,,,,,,,,,,,,,,,,,,,,,,,,,,,
Small Business and Corporation queues (English + French),Feb,2018,"9,906",0.69,,,,,,,,,,,,,,,,,,,,,,,,,,,,,
Small Business and Corporation queues (English + French),Mar,2018,"11,395",1.28,,,,,,,,,,,,,,,,,,,,,,,,,,,,,
Small Business and Corporation queues (English + French),Apr,2018,"9,167",1.09,,,,,,,,,,,,,,,,,,,,,,,,,,,,,
Small Business and Corporation queues (English + French),May,2018,"11,032",0.82,,,,,,,,,,,,,,,,,,,,,,,,,,,,,
Small Business and Corporation queues (English + French),Jun,2018,"10,479",0.41,,,,,,,,,,,,,,,,,,,,,,,,,,,,,
Small Business and Corporation queues (English + French),Jul,2018,"9,697",0.33,,,,,,,,,,,,,,,,,,,,,,,,,,,,,
Small Business and Corporation queues (English + French),Aug,2018,"10,692",0.48,,,,,,,,,,,,,,,,,,,,,,,,,,,,,
Small Business and Corporation queues (English + French),Sep,2018,"8,947",0.44,,,,,,,,,,,,,,,,,,,,,,,,,,,,,
Small Business and Corporation queues (English + French),Oct,2018,"10,422",0.48,,,,,,,,,,,,,,,,,,,,,,,,,,,,,
Small Business and Corporation queues (English + French),Nov,2018,"10,433",0.43,,,,,,,,,,,,,,,,,,,,,,,,,,,,,
Small Business and Corporation queues (English + French),Dec,2018,"8,109",0.5,,,,,,,,,,,,,,,,,,,,,,,,,,,,,
Small Business and Corporation queues (English + French),Jan,2019,"12,032",0.62,,,,,,,,,,,,,,,,,,,,,,,,,,,,,
Small Business and Corporation queues (English + French),Feb,2019,"9,677",0.79,,,,,,,,,,,,,,,,,,,,,,,,,,,,,
Small Business and Corporation queues (English + French),Mar,2019,"10,795",0.93,,,,,,,,,,,,,,,,,,,,,,,,,,,,,
Small Business and Corporation queues (English + French),Apr,2019,"10,754",1.69,,,,,,,,,,,,,,,,,,,,,,,,,,,,,
Small Business and Corporation queues (English + French),May,2019,"12,187",1.08,,,,,,,,,,,,,,,,,,,,,,,,,,,,,
Small Business and Corporation queues (English + French),Jun,2019,"10,085",0.95,,,,,,,,,,,,,,,,,,,,,,,,,,,,,
Small Business and Corporation queues (English + French),Jul,2019,"9,871",0.67,,,,,,,,,,,,,,,,,,,,,,,,,,,,,
Small Business and Corporation queues (English + French),Aug,2019,"9,396",0.76,,,,,,,,,,,,,,,,,,,,,,,,,,,,,
Small Business and Corporation queues (English + French),Sep,2019,"9,016",0.88,,,,,,,,,,,,,,,,,,,,,,,,,,,,,
Driver and Vehicle Services queues (English + French),Jan,2016,"70,660",1.3,,,,,,,,,,,,,,,,,,,,,,,,,,,,,
Driver and Vehicle Services queues (English + French),Feb,2016,"61,905",2.1,,,,,,,,,,,,,,,,,,,,,,,,,,,,,
Driver and Vehicle Services queues (English + French),Mar,2016,"63,322",3.73,,,,,,,,,,,,,,,,,,,,,,,,,,,,,
Driver and Vehicle Services queues (English + French),Apr,2016,"68,323",3.67,,,,,,,,,,,,,,,,,,,,,,,,,,,,,
Driver and Vehicle Services queues (English + French),May,2016,"72,465",2.35,,,,,,,,,,,,,,,,,,,,,,,,,,,,,
Driver and Vehicle Services queues (English + French),Jun,2016,"67,761",4.25,,,,,,,,,,,,,,,,,,,,,,,,,,,,,
Driver and Vehicle Services queues (English + French),Jul,2016,"64,797",3.5,,,,,,,,,,,,,,,,,,,,,,,,,,,,,
Driver and Vehicle Services queues (English + French),Aug,2016,"77,825",3.07,,,,,,,,,,,,,,,,,,,,,,,,,,,,,
Driver and Vehicle Services queues (English + French),Sep,2016,"71,506",3.1,,,,,,,,,,,,,,,,,,,,,,,,,,,,,
Driver and Vehicle Services queues (English + French),Oct,2016,"71,563",0.93,,,,,,,,,,,,,,,,,,,,,,,,,,,,,
Driver and Vehicle Services queues (English + French),Nov,2016,"73,651",0.58,,,,,,,,,,,,,,,,,,,,,,,,,,,,,
Driver and Vehicle Services queues (English + French),Dec,2016,"62,384",0.3,,,,,,,,,,,,,,,,,,,,,,,,,,,,,
Driver and Vehicle Services queues (English + French),Jan,2017,"78,243",2.05,,,,,,,,,,,,,,,,,,,,,,,,,,,,,
Driver and Vehicle Services queues (English + French),Feb,2017,"66,130",0.92,,,,,,,,,,,,,,,,,,,,,,,,,,,,,
Driver and Vehicle Services queues (English + French),Mar,2017,"72,600",1.25,,,,,,,,,,,,,,,,,,,,,,,,,,,,,
Driver and Vehicle Services queues (English + French),Apr,2017,"57,756",2.65,,,,,,,,,,,,,,,,,,,,,,,,,,,,,
Driver and Vehicle Services queues (English + French),May,2017,"71,920",2.87,,,,,,,,,,,,,,,,,,,,,,,,,,,,,
Driver and Vehicle Services queues (English + French),Jun,2017,"75,819",1.52,,,,,,,,,,,,,,,,,,,,,,,,,,,,,
Driver and Vehicle Services queues (English + French),Jul,2017,"73,144",1.77,,,,,,,,,,,,,,,,,,,,,,,,,,,,,
Driver and Vehicle Services queues (English + French),Aug,2017,"82,160",1.23,,,,,,,,,,,,,,,,,,,,,,,,,,,,,
Driver and Vehicle Services queues (English + French),Sep,2017,"70,994",0.88,,,,,,,,,,,,,,,,,,,,,,,,,,,,,
Driver and Vehicle Services queues (English + French),Oct,2017,"73,033",0.83,,,,,,,,,,,,,,,,,,,,,,,,,,,,,
Driver and Vehicle Services queues (English + French),Nov,2017,"66,115",0.83,,,,,,,,,,,,,,,,,,,,,,,,,,,,,
Driver and Vehicle Services queues (English + French),Dec,2017,"53,979",0.35,,,,,,,,,,,,,,,,,,,,,,,,,,,,,
Driver and Vehicle Services queues (English + French),Jan,2018,"71,682",0.42,,,,,,,,,,,,,,,,,,,,,,,,,,,,,
Driver and Vehicle Services queues (English + French),Feb,2018,"57,638",0.52,,,,,,,,,,,,,,,,,,,,,,,,,,,,,
Driver and Vehicle Services queues (English + French),Mar,2018,"66,280",1.07,,,,,,,,,,,,,,,,,,,,,,,,,,,,,
Driver and Vehicle Services queues (English + French),Apr,2018,"56,167",2.75,,,,,,,,,,,,,,,,,,,,,,,,,,,,,
Driver and Vehicle Services queues (English + French),May,2018,"75,368",1.87,,,,,,,,,,,,,,,,,,,,,,,,,,,,,
Driver and Vehicle Services queues (English + French),Jun,2018,"70,826",0.55,,,,,,,,,,,,,,,,,,,,,,,,,,,,,
Driver and Vehicle Services queues (English + French),Jul,2018,"73,149",1.2,,,,,,,,,,,,,,,,,,,,,,,,,,,,,
Driver and Vehicle Services queues (English + French),Aug,2018,"79,144",2.23,,,,,,,,,,,,,,,,,,,,,,,,,,,,,
Driver and Vehicle Services queues (English + French),Sep,2018,"70,100",7.15,,,,,,,,,,,,,,,,,,,,,,,,,,,,,
Driver and Vehicle Services queues (English + French),Oct,2018,"72,516",4.25,,,,,,,,,,,,,,,,,,,,,,,,,,,,,
Driver and Vehicle Services queues (English + French),Nov,2018,"63,654",1.5,,,,,,,,,,,,,,,,,,,,,,,,,,,,,
Driver and Vehicle Services queues (English + French),Dec,2018,"53,070",1.22,,,,,,,,,,,,,,,,,,,,,,,,,,,,,
Driver and Vehicle Services queues (English + French),Jan,2019,"73,814",2.92,,,,,,,,,,,,,,,,,,,,,,,,,,,,,
Driver and Vehicle Services queues (English + French),Feb,2019,"57,584",1.68,,,,,,,,,,,,,,,,,,,,,,,,,,,,,
Driver and Vehicle Services queues (English + French),Mar,2019,"66,132",1.98,,,,,,,,,,,,,,,,,,,,,,,,,,,,,
Driver and Vehicle Services queues (English + French),Apr,2019,"63,191",2.85,,,,,,,,,,,,,,,,,,,,,,,,,,,,,
Driver and Vehicle Services queues (English + French),May,2019,"72,111",2.33,,,,,,,,,,,,,,,,,,,,,,,,,,,,,
Driver and Vehicle Services queues (English + French),Jun,2019,"63,801",2.17,,,,,,,,,,,,,,,,,,,,,,,,,,,,,
Driver and Vehicle Services queues (English + French),Jul,2019,"68,660",3.5,,,,,,,,,,,,,,,,,,,,,,,,,,,,,
Driver and Vehicle Services queues (English + French),Aug,2019,"67,934",2.62,,,,,,,,,,,,,,,,,,,,,,,,,,,,,
Driver and Vehicle Services queues (English + French),Sep,2019,"57,454",7,,,,,,,,,,,,,,,,,,,,,,,,,,,,,
Health Services queues (English + French),Jan,2016,"118,541",0.79,,,,,,,,,,,,,,,,,,,,,,,,,,,,,
Health Services queues (English + French),Feb,2016,"111,136",0.67,,,,,,,,,,,,,,,,,,,,,,,,,,,,,
Health Services queues (English + French),Mar,2016,"115,461",0.35,,,,,,,,,,,,,,,,,,,,,,,,,,,,,
Health Services queues (English + French),Apr,2016,"114,520",0.29,,,,,,,,,,,,,,,,,,,,,,,,,,,,,
Health Services queues (English + French),May,2016,"114,069",0.51,,,,,,,,,,,,,,,,,,,,,,,,,,,,,
Health Services queues (English + French),Jun,2016,"120,183",0.76,,,,,,,,,,,,,,,,,,,,,,,,,,,,,
Health Services queues (English + French),Jul,2016,"117,095",1.33,,,,,,,,,,,,,,,,,,,,,,,,,,,,,
Health Services queues (English + French),Aug,2016,"120,203",2.23,,,,,,,,,,,,,,,,,,,,,,,,,,,,,
Health Services queues (English + French),Sep,2016,"116,292",1.42,,,,,,,,,,,,,,,,,,,,,,,,,,,,,
Health Services queues (English + French),Oct,2016,"111,435",0.98,,,,,,,,,,,,,,,,,,,,,,,,,,,,,
Health Services queues (English + French),Nov,2016,"115,491",0.89,,,,,,,,,,,,,,,,,,,,,,,,,,,,,
Health Services queues (English + French),Dec,2016,"104,297",1.51,,,,,,,,,,,,,,,,,,,,,,,,,,,,,
Health Services queues (English + French),Jan,2017,"123,667",1.32,,,,,,,,,,,,,,,,,,,,,,,,,,,,,
Health Services queues (English + French),Feb,2017,"112,462",0.88,,,,,,,,,,,,,,,,,,,,,,,,,,,,,
Health Services queues (English + French),Mar,2017,"128,716",0.64,,,,,,,,,,,,,,,,,,,,,,,,,,,,,
Health Services queues (English + French),Apr,2017,"104,057",1.01,,,,,,,,,,,,,,,,,,,,,,,,,,,,,
Health Services queues (English + French),May,2017,"125,974",0.97,,,,,,,,,,,,,,,,,,,,,,,,,,,,,
Health Services queues (English + French),Jun,2017,"126,102",0.58,,,,,,,,,,,,,,,,,,,,,,,,,,,,,
Health Services queues (English + French),Jul,2017,"125,454",0.7,,,,,,,,,,,,,,,,,,,,,,,,,,,,,
Health Services queues (English + French),Aug,2017,"131,701",0.59,,,,,,,,,,,,,,,,,,,,,,,,,,,,,
Health Services queues (English + French),Sep,2017,"118,631",0.37,,,,,,,,,,,,,,,,,,,,,,,,,,,,,
Health Services queues (English + French),Oct,2017,"134,413",0.6,,,,,,,,,,,,,,,,,,,,,,,,,,,,,
Health Services queues (English + French),Nov,2017,"126,578",0.45,,,,,,,,,,,,,,,,,,,,,,,,,,,,,
Health Services queues (English + French),Dec,2017,"105,309",0.28,,,,,,,,,,,,,,,,,,,,,,,,,,,,,
Health Services queues (English + French),Jan,2018,"130,223",0.34,,,,,,,,,,,,,,,,,,,,,,,,,,,,,
Health Services queues (English + French),Feb,2018,"107,495",0.33,,,,,,,,,,,,,,,,,,,,,,,,,,,,,
Health Services queues (English + French),Mar,2018,"117,465",0.28,,,,,,,,,,,,,,,,,,,,,,,,,,,,,
Health Services queues (English + French),Apr,2018,"102,789",0.79,,,,,,,,,,,,,,,,,,,,,,,,,,,,,
Health Services queues (English + French),May,2018,"118,928",0.67,,,,,,,,,,,,,,,,,,,,,,,,,,,,,
Health Services queues (English + French),Jun,2018,"113,519",0.62,,,,,,,,,,,,,,,,,,,,,,,,,,,,,
Health Services queues (English + French),Jul,2018,"115,148",1.06,,,,,,,,,,,,,,,,,,,,,,,,,,,,,
Health Services queues (English + French),Aug,2018,"118,207",0.98,,,,,,,,,,,,,,,,,,,,,,,,,,,,,
Health Services queues (English + French),Sep,2018,"106,289",1.1,,,,,,,,,,,,,,,,,,,,,,,,,,,,,
Health Services queues (English + French),Oct,2018,"114,115",1.86,,,,,,,,,,,,,,,,,,,,,,,,,,,,,
Health Services queues (English + French),Nov,2018,"110,561",1.01,,,,,,,,,,,,,,,,,,,,,,,,,,,,,
Health Services queues (English + French),Dec,2018,"90,494",0.76,,,,,,,,,,,,,,,,,,,,,,,,,,,,,
Health Services queues (English + French),Jan,2019,"115,829",1.19,,,,,,,,,,,,,,,,,,,,,,,,,,,,,
Health Services queues (English + French),Feb,2019,"97,068",1.25,,,,,,,,,,,,,,,,,,,,,,,,,,,,,
Health Services queues (English + French),Mar,2019,"105,582",1.64,,,,,,,,,,,,,,,,,,,,,,,,,,,,,
Health Services queues (English + French),Apr,2019,"99,661",2.72,,,,,,,,,,,,,,,,,,,,,,,,,,,,,
Health Services queues (English + French),May,2019,"105,385",2.9,,,,,,,,,,,,,,,,,,,,,,,,,,,,,
Health Services queues (English + French),Jun,2019,"99,665",2.71,,,,,,,,,,,,,,,,,,,,,,,,,,,,,
Health Services queues (English + French),Jul,2019,"108,047",3.5,,,,,,,,,,,,,,,,,,,,,,,,,,,,,
Health Services queues (English + French),Aug,2019,"105,002",3.69,,,,,,,,,,,,,,,,,,,,,,,,,,,,,
Health Services queues (English + French),Sep,2019,"103,514",3.63,,,,,,,,,,,,,,,,,,,,,,,,,,,,,
"Ministry of Education & Ministry of Training, Colleges and Universities Public Inquiry queues (English + French)",Jan,2016,"2,411",0.3,,,,,,,,,,,,,,,,,,,,,,,,,,,,,
"Ministry of Education & Ministry of Training, Colleges and Universities Public Inquiry queues (English + French)",Feb,2016,"2,253",0.37,,,,,,,,,,,,,,,,,,,,,,,,,,,,,
"Ministry of Education & Ministry of Training, Colleges and Universities Public Inquiry queues (English + French)",Mar,2016,"2,372",0.32,,,,,,,,,,,,,,,,,,,,,,,,,,,,,
"Ministry of Education & Ministry of Training, Colleges and Universities Public Inquiry queues (English + French)",Apr,2016,"2,192",0.37,,,,,,,,,,,,,,,,,,,,,,,,,,,,,
"Ministry of Education & Ministry of Training, Colleges and Universities Public Inquiry queues (English + French)",May,2016,"2,217",0.33,,,,,,,,,,,,,,,,,,,,,,,,,,,,,
"Ministry of Education & Ministry of Training, Colleges and Universities Public Inquiry queues (English + French)",Jun,2016,"2,273",0.32,,,,,,,,,,,,,,,,,,,,,,,,,,,,,
"Ministry of Education & Ministry of Training, Colleges and Universities Public Inquiry queues (English + French)",Jul,2016,"1,932",0.45,,,,,,,,,,,,,,,,,,,,,,,,,,,,,
"Ministry of Education & Ministry of Training, Colleges and Universities Public Inquiry queues (English + French)",Aug,2016,"2,659",0.68,,,,,,,,,,,,,,,,,,,,,,,,,,,,,
"Ministry of Education & Ministry of Training, Colleges and Universities Public Inquiry queues (English + French)",Sep,2016,"2,630",0.47,,,,,,,,,,,,,,,,,,,,,,,,,,,,,
"Ministry of Education & Ministry of Training, Colleges and Universities Public Inquiry queues (English + French)",Oct,2016,"1,931",0.3,,,,,,,,,,,,,,,,,,,,,,,,,,,,,
"Ministry of Education & Ministry of Training, Colleges and Universities Public Inquiry queues (English + French)",Nov,2016,"1,946",0.38,,,,,,,,,,,,,,,,,,,,,,,,,,,,,
"Ministry of Education & Ministry of Training, Colleges and Universities Public Inquiry queues (English + French)",Dec,2016,"1,655",0.33,,,,,,,,,,,,,,,,,,,,,,,,,,,,,
"Ministry of Education & Ministry of Training, Colleges and Universities Public Inquiry queues (English + French)",Jan,2017,"2,486",0.55,,,,,,,,,,,,,,,,,,,,,,,,,,,,,
"Ministry of Education & Ministry of Training, Colleges and Universities Public Inquiry queues (English + French)",Feb,2017,"2,189",0.52,,,,,,,,,,,,,,,,,,,,,,,,,,,,,
"Ministry of Education & Ministry of Training, Colleges and Universities Public Inquiry queues (English + French)",Mar,2017,"2,475",0.42,,,,,,,,,,,,,,,,,,,,,,,,,,,,,
"Ministry of Education & Ministry of Training, Colleges and Universities Public Inquiry queues (English + French)",Apr,2017,"1,385",0.45,,,,,,,,,,,,,,,,,,,,,,,,,,,,,
"Ministry of Education & Ministry of Training, Colleges and Universities Public Inquiry queues (English + French)",May,2017,"1,546",0.52,,,,,,,,,,,,,,,,,,,,,,,,,,,,,
"Ministry of Education & Ministry of Training, Colleges and Universities Public Inquiry queues (English + French)",Jun,2017,"1,501",0.52,,,,,,,,,,,,,,,,,,,,,,,,,,,,,
"Ministry of Education & Ministry of Training, Colleges and Universities Public Inquiry queues (English + French)",Jul,2017,"1,453",0.58,,,,,,,,,,,,,,,,,,,,,,,,,,,,,
"Ministry of Education & Ministry of Training, Colleges and Universities Public Inquiry queues (English + French)",Aug,2017,"1,874",0.42,,,,,,,,,,,,,,,,,,,,,,,,,,,,,
"Ministry of Education & Ministry of Training, Colleges and Universities Public Inquiry queues (English + French)",Sep,2017,"1,758",0.42,,,,,,,,,,,,,,,,,,,,,,,,,,,,,
"Ministry of Education & Ministry of Training, Colleges and Universities Public Inquiry queues (English + French)",Oct,2017,"1,649",0.48,,,,,,,,,,,,,,,,,,,,,,,,,,,,,
"Ministry of Education & Ministry of Training, Colleges and Universities Public Inquiry queues (English + French)",Nov,2017,"1,714",0.48,,,,,,,,,,,,,,,,,,,,,,,,,,,,,
"Ministry of Education & Ministry of Training, Colleges and Universities Public Inquiry queues (English + French)",Dec,2017,"1,078",0.28,,,,,,,,,,,,,,,,,,,,,,,,,,,,,
"Ministry of Education & Ministry of Training, Colleges and Universities Public Inquiry queues (English + French)",Jan,2018,"1,801",0.42,,,,,,,,,,,,,,,,,,,,,,,,,,,,,
"Ministry of Education & Ministry of Training, Colleges and Universities Public Inquiry queues (English + French)",Feb,2018,"1,469",0.65,,,,,,,,,,,,,,,,,,,,,,,,,,,,,
"Ministry of Education & Ministry of Training, Colleges and Universities Public Inquiry queues (English + French)",Mar,2018,"1,540",0.47,,,,,,,,,,,,,,,,,,,,,,,,,,,,,
"Ministry of Education & Ministry of Training, Colleges and Universities Public Inquiry queues (English + French)",Apr,2018,"1,237",0.68,,,,,,,,,,,,,,,,,,,,,,,,,,,,,
"Ministry of Education & Ministry of Training, Colleges and Universities Public Inquiry queues (English + French)",May,2018,"1,609",0.48,,,,,,,,,,,,,,,,,,,,,,,,,,,,,
"Ministry of Education & Ministry of Training, Colleges and Universities Public Inquiry queues (English + French)",Jun,2018,"1,495",0.45,,,,,,,,,,,,,,,,,,,,,,,,,,,,,
"Ministry of Education & Ministry of Training, Colleges and Universities Public Inquiry queues (English + French)",Jul,2018,"1,610",0.38,,,,,,,,,,,,,,,,,,,,,,,,,,,,,
"Ministry of Education & Ministry of Training, Colleges and Universities Public Inquiry queues (English + French)",Aug,2018,"1,943",0.35,,,,,,,,,,,,,,,,,,,,,,,,,,,,,
"Ministry of Education & Ministry of Training, Colleges and Universities Public Inquiry queues (English + French)",Sep,2018,"1,655",0.27,,,,,,,,,,,,,,,,,,,,,,,,,,,,,
"Ministry of Education & Ministry of Training, Colleges and Universities Public Inquiry queues (English + French)",Oct,2018,"1,521",0.32,,,,,,,,,,,,,,,,,,,,,,,,,,,,,
"Ministry of Education & Ministry of Training, Colleges and Universities Public Inquiry queues (English + French)",Nov,2018,"1,450",0.33,,,,,,,,,,,,,,,,,,,,,,,,,,,,,
"Ministry of Education & Ministry of Training, Colleges and Universities Public Inquiry queues (English + French)",Dec,2018,988,0.37,,,,,,,,,,,,,,,,,,,,,,,,,,,,,
"Ministry of Education & Ministry of Training, Colleges and Universities Public Inquiry queues (English + French)",Jan,2019,"1,685",0.3,,,,,,,,,,,,,,,,,,,,,,,,,,,,,
"Ministry of Education & Ministry of Training, Colleges and Universities Public Inquiry queues (English + French)",Feb,2019,"1,226",0.35,,,,,,,,,,,,,,,,,,,,,,,,,,,,,
"Ministry of Education & Ministry of Training, Colleges and Universities Public Inquiry queues (English + French)",Mar,2019,"1,462",0.32,,,,,,,,,,,,,,,,,,,,,,,,,,,,,
"Ministry of Education & Ministry of Training, Colleges and Universities Public Inquiry queues (English + French)",Apr,2019,"1,405",0.85,,,,,,,,,,,,,,,,,,,,,,,,,,,,,
"Ministry of Education & Ministry of Training, Colleges and Universities Public Inquiry queues (English + French)",May,2019,"1,434",0.67,,,,,,,,,,,,,,,,,,,,,,,,,,,,,
"Ministry of Education & Ministry of Training, Colleges and Universities Public Inquiry queues (English + French)",Jun,2019,"1,377",0.58,,,,,,,,,,,,,,,,,,,,,,,,,,,,,
"Ministry of Education & Ministry of Training, Colleges and Universities Public Inquiry queues (English + French)",Jul,2019,"1,369",0.38,,,,,,,,,,,,,,,,,,,,,,,,,,,,,
"Ministry of Education & Ministry of Training, Colleges and Universities Public Inquiry queues (English + French)",Aug,2019,"1,630",0.58,,,,,,,,,,,,,,,,,,,,,,,,,,,,,
"Ministry of Education & Ministry of Training, Colleges and Universities Public Inquiry queues (English + French)",Sep,2019,"1,687",0.45,,,,,,,,,,,,,,,,,,,,,,,,,,,,,
Ministry of Energy queues  (English + French),Jan,2016,491,0.85,,,,,,,,,,,,,,,,,,,,,,,,,,,,,
Ministry of Energy queues  (English + French),Feb,2016,411,0.88,,,,,,,,,,,,,,,,,,,,,,,,,,,,,
Ministry of Energy queues  (English + French),Mar,2016,465,0.57,,,,,,,,,,,,,,,,,,,,,,,,,,,,,
Ministry of Energy queues  (English + French),Apr,2016,369,0.5,,,,,,,,,,,,,,,,,,,,,,,,,,,,,
Ministry of Energy queues  (English + French),May,2016,318,1.08,,,,,,,,,,,,,,,,,,,,,,,,,,,,,
Ministry of Energy queues  (English + French),Jun,2016,334,1.4,,,,,,,,,,,,,,,,,,,,,,,,,,,,,
Ministry of Energy queues  (English + French),Jul,2016,266,2.08,,,,,,,,,,,,,,,,,,,,,,,,,,,,,
Ministry of Energy queues  (English + French),Aug,2016,279,3.53,,,,,,,,,,,,,,,,,,,,,,,,,,,,,
Ministry of Energy queues  (English + French),Sep,2016,280,2.13,,,,,,,,,,,,,,,,,,,,,,,,,,,,,
Ministry of Energy queues  (English + French),Oct,2016,325,1.92,,,,,,,,,,,,,,,,,,,,,,,,,,,,,
Ministry of Energy queues  (English + French),Nov,2016,362,1.53,,,,,,,,,,,,,,,,,,,,,,,,,,,,,
Ministry of Energy queues  (English + French),Dec,2016,192,2.65,,,,,,,,,,,,,,,,,,,,,,,,,,,,,
Ministry of Energy queues  (English + French),Jan,2017,274,2.08,,,,,,,,,,,,,,,,,,,,,,,,,,,,,
Ministry of Energy queues  (English + French),Feb,2017,255,1.58,,,,,,,,,,,,,,,,,,,,,,,,,,,,,
Ministry of Energy queues  (English + French),Mar,2017,289,1.27,,,,,,,,,,,,,,,,,,,,,,,,,,,,,
Ministry of Energy queues  (English + French),Apr,2017,189,2.18,,,,,,,,,,,,,,,,,,,,,,,,,,,,,
Ministry of Energy queues  (English + French),May,2017,239,1.75,,,,,,,,,,,,,,,,,,,,,,,,,,,,,
Ministry of Energy queues  (English + French),Jun,2017,252,1.02,,,,,,,,,,,,,,,,,,,,,,,,,,,,,
Ministry of Energy queues  (English + French),Jul,2017,250,1.43,,,,,,,,,,,,,,,,,,,,,,,,,,,,,
Ministry of Energy queues  (English + French),Aug,2017,237,1.37,,,,,,,,,,,,,,,,,,,,,,,,,,,,,
Ministry of Energy queues  (English + French),Sep,2017,269,1.23,,,,,,,,,,,,,,,,,,,,,,,,,,,,,
Ministry of Energy queues  (English + French),Oct,2017,280,1.12,,,,,,,,,,,,,,,,,,,,,,,,,,,,,
Ministry of Energy queues  (English + French),Nov,2017,249,0.77,,,,,,,,,,,,,,,,,,,,,,,,,,,,,
Ministry of Energy queues  (English + French),Dec,2017,197,0.98,,,,,,,,,,,,,,,,,,,,,,,,,,,,,
Ministry of Energy queues  (English + French),Jan,2018,288,0.92,,,,,,,,,,,,,,,,,,,,,,,,,,,,,
Ministry of Energy queues  (English + French),Feb,2018,236,1.05,,,,,,,,,,,,,,,,,,,,,,,,,,,,,
Ministry of Energy queues  (English + French),Mar,2018,220,0.62,,,,,,,,,,,,,,,,,,,,,,,,,,,,,
Ministry of Energy queues  (English + French),Apr,2018,167,1.03,,,,,,,,,,,,,,,,,,,,,,,,,,,,,
Ministry of Energy queues  (English + French),May,2018,169,1.12,,,,,,,,,,,,,,,,,,,,,,,,,,,,,
Ministry of Energy queues  (English + French),Jun,2018,181,1.15,,,,,,,,,,,,,,,,,,,,,,,,,,,,,
Ministry of Energy queues  (English + French),Jul,2018,155,1.33,,,,,,,,,,,,,,,,,,,,,,,,,,,,,
Ministry of Energy queues  (English + French),Aug,2018,153,1.55,,,,,,,,,,,,,,,,,,,,,,,,,,,,,
Ministry of Energy queues  (English + French),Sep,2018,153,1.68,,,,,,,,,,,,,,,,,,,,,,,,,,,,,
Ministry of Energy queues  (English + French),Oct,2018,157,2.63,,,,,,,,,,,,,,,,,,,,,,,,,,,,,
Ministry of Energy queues  (English + French),Nov,2018,138,1.22,,,,,,,,,,,,,,,,,,,,,,,,,,,,,
Ministry of Energy queues  (English + French),Dec,2018,126,1.53,,,,,,,,,,,,,,,,,,,,,,,,,,,,,
Ministry of Energy queues  (English + French),Jan,2019,106,2.05,,,,,,,,,,,,,,,,,,,,,,,,,,,,,
Ministry of Energy queues  (English + French),Feb,2019,102,1.92,,,,,,,,,,,,,,,,,,,,,,,,,,,,,
Ministry of Energy queues  (English + French),Mar,2019,125,2.17,,,,,,,,,,,,,,,,,,,,,,,,,,,,,
Ministry of Energy queues  (English + French),Apr,2019,128,3.87,,,,,,,,,,,,,,,,,,,,,,,,,,,,,
Ministry of Energy queues  (English + French),May,2019,114,3.2,,,,,,,,,,,,,,,,,,,,,,,,,,,,,
Ministry of Energy queues  (English + French),Jun,2019,100,3,,,,,,,,,,,,,,,,,,,,,,,,,,,,,
Ministry of Energy queues  (English + French),Jul,2019,96,3.47,,,,,,,,,,,,,,,,,,,,,,,,,,,,,
Ministry of Energy queues  (English + French),Aug,2019,114,4.57,,,,,,,,,,,,,,,,,,,,,,,,,,,,,
Ministry of Energy queues  (English + French),Sep,2019,87,4.13,,,,,,,,,,,,,,,,,,,,,,,,,,,,,
Ministry of Finance queues (English + French),Jan,2016,"18,720",0.13,,,,,,,,,,,,,,,,,,,,,,,,,,,,,
Ministry of Finance queues (English + French),Feb,2016,"20,961",0.27,,,,,,,,,,,,,,,,,,,,,,,,,,,,,
Ministry of Finance queues (English + French),Mar,2016,"25,253",0.48,,,,,,,,,,,,,,,,,,,,,,,,,,,,,
Ministry of Finance queues (English + French),Apr,2016,"23,063",0.17,,,,,,,,,,,,,,,,,,,,,,,,,,,,,
Ministry of Finance queues (English + French),May,2016,"21,914",0.13,,,,,,,,,,,,,,,,,,,,,,,,,,,,,
Ministry of Finance queues (English + French),Jun,2016,"21,976",0.13,,,,,,,,,,,,,,,,,,,,,,,,,,,,,
Ministry of Finance queues (English + French),Jul,2016,"22,375",0.48,,,,,,,,,,,,,,,,,,,,,,,,,,,,,
Ministry of Finance queues (English + French),Aug,2016,"22,150",0.45,,,,,,,,,,,,,,,,,,,,,,,,,,,,,
Ministry of Finance queues (English + French),Sep,2016,"20,631",0.2,,,,,,,,,,,,,,,,,,,,,,,,,,,,,
Ministry of Finance queues (English + French),Oct,2016,"18,870",0.22,,,,,,,,,,,,,,,,,,,,,,,,,,,,,
Ministry of Finance queues (English + French),Nov,2016,"19,275",0.18,,,,,,,,,,,,,,,,,,,,,,,,,,,,,
Ministry of Finance queues (English + French),Dec,2016,"16,446",0.33,,,,,,,,,,,,,,,,,,,,,,,,,,,,,
Ministry of Finance queues (English + French),Jan,2017,"19,838",0.37,,,,,,,,,,,,,,,,,,,,,,,,,,,,,
Ministry of Finance queues (English + French),Feb,2017,"19,919",0.48,,,,,,,,,,,,,,,,,,,,,,,,,,,,,
Ministry of Finance queues (English + French),Mar,2017,"24,567",2.1,,,,,,,,,,,,,,,,,,,,,,,,,,,,,
Ministry of Finance queues (English + French),Apr,2017,"19,129",0.7,,,,,,,,,,,,,,,,,,,,,,,,,,,,,
Ministry of Finance queues (English + French),May,2017,"23,725",0.57,,,,,,,,,,,,,,,,,,,,,,,,,,,,,
Ministry of Finance queues (English + French),Jun,2017,"21,703",0.88,,,,,,,,,,,,,,,,,,,,,,,,,,,,,
Ministry of Finance queues (English + French),Jul,2017,"22,062",5.6,,,,,,,,,,,,,,,,,,,,,,,,,,,,,
Ministry of Finance queues (English + French),Aug,2017,"22,319",3.22,,,,,,,,,,,,,,,,,,,,,,,,,,,,,
Ministry of Finance queues (English + French),Sep,2017,"19,782",1.2,,,,,,,,,,,,,,,,,,,,,,,,,,,,,
Ministry of Finance queues (English + French),Oct,2017,"20,134",0.78,,,,,,,,,,,,,,,,,,,,,,,,,,,,,
Ministry of Finance queues (English + French),Nov,2017,"18,547",0.98,,,,,,,,,,,,,,,,,,,,,,,,,,,,,
Ministry of Finance queues (English + French),Dec,2017,"14,800",0.92,,,,,,,,,,,,,,,,,,,,,,,,,,,,,
Ministry of Finance queues (English + French),Jan,2018,"19,062",1.62,,,,,,,,,,,,,,,,,,,,,,,,,,,,,
Ministry of Finance queues (English + French),Feb,2018,"18,019",0.83,,,,,,,,,,,,,,,,,,,,,,,,,,,,,
Ministry of Finance queues (English + French),Mar,2018,"23,211",0.75,,,,,,,,,,,,,,,,,,,,,,,,,,,,,
Ministry of Finance queues (English + French),Apr,2018,"19,203",1.32,,,,,,,,,,,,,,,,,,,,,,,,,,,,,
Ministry of Finance queues (English + French),May,2018,"22,314",0.53,,,,,,,,,,,,,,,,,,,,,,,,,,,,,
Ministry of Finance queues (English + French),Jun,2018,"21,832",0.78,,,,,,,,,,,,,,,,,,,,,,,,,,,,,
Ministry of Finance queues (English + French),Jul,2018,"25,141",0.53,,,,,,,,,,,,,,,,,,,,,,,,,,,,,
Ministry of Finance queues (English + French),Aug,2018,"22,197",0.17,,,,,,,,,,,,,,,,,,,,,,,,,,,,,
Ministry of Finance queues (English + French),Sep,2018,"18,126",0.15,,,,,,,,,,,,,,,,,,,,,,,,,,,,,
Ministry of Finance queues (English + French),Oct,2018,"18,602",0.42,,,,,,,,,,,,,,,,,,,,,,,,,,,,,
Ministry of Finance queues (English + French),Nov,2018,"16,884",0.27,,,,,,,,,,,,,,,,,,,,,,,,,,,,,
Ministry of Finance queues (English + French),Dec,2018,"14,392",0.13,,,,,,,,,,,,,,,,,,,,,,,,,,,,,
Ministry of Finance queues (English + French),Jan,2019,"19,127",0.17,,,,,,,,,,,,,,,,,,,,,,,,,,,,,
Ministry of Finance queues (English + French),Feb,2019,"17,364",0.32,,,,,,,,,,,,,,,,,,,,,,,,,,,,,
Ministry of Finance queues (English + French),Mar,2019,"20,799",0.8,,,,,,,,,,,,,,,,,,,,,,,,,,,,,
Ministry of Finance queues (English + French),Apr,2019,"17,425",0.4,,,,,,,,,,,,,,,,,,,,,,,,,,,,,
Ministry of Finance queues (English + French),May,2019,"18,865",0.67,,,,,,,,,,,,,,,,,,,,,,,,,,,,,
Ministry of Finance queues (English + French),Jun,2019,"14,338",5.4,,,,,,,,,,,,,,,,,,,,,,,,,,,,,
Ministry of Finance queues (English + French),Jul,2019,"14,684",8.98,,,,,,,,,,,,,,,,,,,,,,,,,,,,,
Ministry of Finance queues (English + French),Aug,2019,"13,036",2.93,,,,,,,,,,,,,,,,,,,,,,,,,,,,,
Ministry of Finance queues (English + French),Sep,2019,"10,768",2.78,,,,,,,,,,,,,,,,,,,,,,,,,,,,,
Ministry of Labour queues (English + French),Jan,2016,"20,731",0.13,,,,,,,,,,,,,,,,,,,,,,,,,,,,,
Ministry of Labour queues (English + French),Feb,2016,"19,359",0.22,,,,,,,,,,,,,,,,,,,,,,,,,,,,,
Ministry of Labour queues (English + French),Mar,2016,"19,783",0.27,,,,,,,,,,,,,,,,,,,,,,,,,,,,,
Ministry of Labour queues (English + French),Apr,2016,"18,536",0.37,,,,,,,,,,,,,,,,,,,,,,,,,,,,,
Ministry of Labour queues (English + French),May,2016,"18,683",0.32,,,,,,,,,,,,,,,,,,,,,,,,,,,,,
Ministry of Labour queues (English + French),Jun,2016,"20,299",0.32,,,,,,,,,,,,,,,,,,,,,,,,,,,,,
Ministry of Labour queues (English + French),Jul,2016,"17,520",0.58,,,,,,,,,,,,,,,,,,,,,,,,,,,,,
Ministry of Labour queues (English + French),Aug,2016,"18,532",0.27,,,,,,,,,,,,,,,,,,,,,,,,,,,,,
Ministry of Labour queues (English + French),Sep,2016,"18,514",0.27,,,,,,,,,,,,,,,,,,,,,,,,,,,,,
Ministry of Labour queues (English + French),Oct,2016,"17,039",0.22,,,,,,,,,,,,,,,,,,,,,,,,,,,,,
Ministry of Labour queues (English + French),Nov,2016,"17,187",0.17,,,,,,,,,,,,,,,,,,,,,,,,,,,,,
Ministry of Labour queues (English + French),Dec,2016,"16,355",0.22,,,,,,,,,,,,,,,,,,,,,,,,,,,,,
Ministry of Labour queues (English + French),Jan,2017,"20,633",0.65,,,,,,,,,,,,,,,,,,,,,,,,,,,,,
Ministry of Labour queues (English + French),Feb,2017,"16,787",0.4,,,,,,,,,,,,,,,,,,,,,,,,,,,,,
Ministry of Labour queues (English + French),Mar,2017,"18,927",1.1,,,,,,,,,,,,,,,,,,,,,,,,,,,,,
Ministry of Labour queues (English + French),Apr,2017,"15,677",0.67,,,,,,,,,,,,,,,,,,,,,,,,,,,,,
Ministry of Labour queues (English + French),May,2017,"18,659",0.17,,,,,,,,,,,,,,,,,,,,,,,,,,,,,
Ministry of Labour queues (English + French),Jun,2017,"19,754",0.3,,,,,,,,,,,,,,,,,,,,,,,,,,,,,
Ministry of Labour queues (English + French),Jul,2017,"17,106",1.2,,,,,,,,,,,,,,,,,,,,,,,,,,,,,
Ministry of Labour queues (English + French),Aug,2017,"17,642",0.65,,,,,,,,,,,,,,,,,,,,,,,,,,,,,
Ministry of Labour queues (English + French),Sep,2017,"16,546",0.67,,,,,,,,,,,,,,,,,,,,,,,,,,,,,
Ministry of Labour queues (English + French),Oct,2017,"17,641",0.62,,,,,,,,,,,,,,,,,,,,,,,,,,,,,
Ministry of Labour queues (English + French),Nov,2017,"17,854",1.28,,,,,,,,,,,,,,,,,,,,,,,,,,,,,
Ministry of Labour queues (English + French),Dec,2017,"16,742",2.02,,,,,,,,,,,,,,,,,,,,,,,,,,,,,
Ministry of Labour queues (English + French),Jan,2018,"26,704",5.63,,,,,,,,,,,,,,,,,,,,,,,,,,,,,
Ministry of Labour queues (English + French),Feb,2018,"20,429",6.73,,,,,,,,,,,,,,,,,,,,,,,,,,,,,
Ministry of Labour queues (English + French),Mar,2018,"19,373",9.37,,,,,,,,,,,,,,,,,,,,,,,,,,,,,
Ministry of Labour queues (English + French),Apr,2018,"19,107",2.02,,,,,,,,,,,,,,,,,,,,,,,,,,,,,
Ministry of Labour queues (English + French),May,2018,"21,747",0.38,,,,,,,,,,,,,,,,,,,,,,,,,,,,,
Ministry of Labour queues (English + French),Jun,2018,"21,848",0.2,,,,,,,,,,,,,,,,,,,,,,,,,,,,,
Ministry of Labour queues (English + French),Jul,2018,"21,470",0.27,,,,,,,,,,,,,,,,,,,,,,,,,,,,,
Ministry of Labour queues (English + French),Aug,2018,"20,789",0.22,,,,,,,,,,,,,,,,,,,,,,,,,,,,,
Ministry of Labour queues (English + French),Sep,2018,"17,841",0.18,,,,,,,,,,,,,,,,,,,,,,,,,,,,,
Ministry of Labour queues (English + French),Oct,2018,"20,089",0.23,,,,,,,,,,,,,,,,,,,,,,,,,,,,,
Ministry of Labour queues (English + French),Nov,2018,"18,809",0.15,,,,,,,,,,,,,,,,,,,,,,,,,,,,,
Ministry of Labour queues (English + French),Dec,2018,"15,131",0.2,,,,,,,,,,,,,,,,,,,,,,,,,,,,,
Ministry of Labour queues (English + French),Jan,2019,"21,484",0.58,,,,,,,,,,,,,,,,,,,,,,,,,,,,,
Ministry of Labour queues (English + French),Feb,2019,"16,608",0.3,,,,,,,,,,,,,,,,,,,,,,,,,,,,,
Ministry of Labour queues (English + French),Mar,2019,"17,085",0.28,,,,,,,,,,,,,,,,,,,,,,,,,,,,,
Ministry of Labour queues (English + French),Apr,2019,"15,707",0.77,,,,,,,,,,,,,,,,,,,,,,,,,,,,,
Ministry of Labour queues (English + French),May,2019,"17,588",0.47,,,,,,,,,,,,,,,,,,,,,,,,,,,,,
Ministry of Labour queues (English + French),Jun,2019,"14,907",0.5,,,,,,,,,,,,,,,,,,,,,,,,,,,,,
Ministry of Labour queues (English + French),Jul,2019,"16,410",1.88,,,,,,,,,,,,,,,,,,,,,,,,,,,,,
Ministry of Labour queues (English + French),Aug,2019,"14,979",2.07,,,,,,,,,,,,,,,,,,,,,,,,,,,,,
Ministry of Labour queues (English + French),Sep,2019,"15,084",0.92,,,,,,,,,,,,,,,,,,,,,,,,,,,,,
Personal Property Security Registrations and Searches Services queues  (English + French),Jan,2016,898,1.25,,,,,,,,,,,,,,,,,,,,,,,,,,,,,
Personal Property Security Registrations and Searches Services queues  (English + French),Feb,2016,862,1.22,,,,,,,,,,,,,,,,,,,,,,,,,,,,,
Personal Property Security Registrations and Searches Services queues  (English + French),Mar,2016,915,2.2,,,,,,,,,,,,,,,,,,,,,,,,,,,,,
Personal Property Security Registrations and Searches Services queues  (English + French),Apr,2016,932,1.05,,,,,,,,,,,,,,,,,,,,,,,,,,,,,
Personal Property Security Registrations and Searches Services queues  (English + French),May,2016,"1,070",0.7,,,,,,,,,,,,,,,,,,,,,,,,,,,,,
Personal Property Security Registrations and Searches Services queues  (English + French),Jun,2016,"1,094",0.8,,,,,,,,,,,,,,,,,,,,,,,,,,,,,
Personal Property Security Registrations and Searches Services queues  (English + French),Jul,2016,945,0.6,,,,,,,,,,,,,,,,,,,,,,,,,,,,,
Personal Property Security Registrations and Searches Services queues  (English + French),Aug,2016,"1,029",0.67,,,,,,,,,,,,,,,,,,,,,,,,,,,,,
Personal Property Security Registrations and Searches Services queues  (English + French),Sep,2016,"1,041",0.62,,,,,,,,,,,,,,,,,,,,,,,,,,,,,
Personal Property Security Registrations and Searches Services queues  (English + French),Oct,2016,984,0.62,,,,,,,,,,,,,,,,,,,,,,,,,,,,,
Personal Property Security Registrations and Searches Services queues  (English + French),Nov,2016,984,0.33,,,,,,,,,,,,,,,,,,,,,,,,,,,,,
Personal Property Security Registrations and Searches Services queues  (English + French),Dec,2016,799,0.5,,,,,,,,,,,,,,,,,,,,,,,,,,,,,
Personal Property Security Registrations and Searches Services queues  (English + French),Jan,2017,878,0.93,,,,,,,,,,,,,,,,,,,,,,,,,,,,,
Personal Property Security Registrations and Searches Services queues  (English + French),Feb,2017,875,1,,,,,,,,,,,,,,,,,,,,,,,,,,,,,
Personal Property Security Registrations and Searches Services queues  (English + French),Mar,2017,996,0.9,,,,,,,,,,,,,,,,,,,,,,,,,,,,,
Personal Property Security Registrations and Searches Services queues  (English + French),Apr,2017,848,0.87,,,,,,,,,,,,,,,,,,,,,,,,,,,,,
Personal Property Security Registrations and Searches Services queues  (English + French),May,2017,995,1,,,,,,,,,,,,,,,,,,,,,,,,,,,,,
Personal Property Security Registrations and Searches Services queues  (English + French),Jun,2017,"1,137",0.92,,,,,,,,,,,,,,,,,,,,,,,,,,,,,
Personal Property Security Registrations and Searches Services queues  (English + French),Jul,2017,951,0.77,,,,,,,,,,,,,,,,,,,,,,,,,,,,,
Personal Property Security Registrations and Searches Services queues  (English + French),Aug,2017,988,0.43,,,,,,,,,,,,,,,,,,,,,,,,,,,,,
Personal Property Security Registrations and Searches Services queues  (English + French),Sep,2017,964,0.87,,,,,,,,,,,,,,,,,,,,,,,,,,,,,
Personal Property Security Registrations and Searches Services queues  (English + French),Oct,2017,861,1.25,,,,,,,,,,,,,,,,,,,,,,,,,,,,,
Personal Property Security Registrations and Searches Services queues  (English + French),Nov,2017,951,1.53,,,,,,,,,,,,,,,,,,,,,,,,,,,,,
Personal Property Security Registrations and Searches Services queues  (English + French),Dec,2017,662,0.77,,,,,,,,,,,,,,,,,,,,,,,,,,,,,
Personal Property Security Registrations and Searches Services queues  (English + French),Jan,2018,823,0.93,,,,,,,,,,,,,,,,,,,,,,,,,,,,,
Personal Property Security Registrations and Searches Services queues  (English + French),Feb,2018,807,1.23,,,,,,,,,,,,,,,,,,,,,,,,,,,,,
Personal Property Security Registrations and Searches Services queues  (English + French),Mar,2018,822,1.68,,,,,,,,,,,,,,,,,,,,,,,,,,,,,
Personal Property Security Registrations and Searches Services queues  (English + French),Apr,2018,821,1.52,,,,,,,,,,,,,,,,,,,,,,,,,,,,,
Personal Property Security Registrations and Searches Services queues  (English + French),May,2018,973,1.63,,,,,,,,,,,,,,,,,,,,,,,,,,,,,
Personal Property Security Registrations and Searches Services queues  (English + French),Jun,2018,891,0.93,,,,,,,,,,,,,,,,,,,,,,,,,,,,,
Personal Property Security Registrations and Searches Services queues  (English + French),Jul,2018,"1,044",0.72,,,,,,,,,,,,,,,,,,,,,,,,,,,,,
Personal Property Security Registrations and Searches Services queues  (English + French),Aug,2018,"1,017",0.9,,,,,,,,,,,,,,,,,,,,,,,,,,,,,
Personal Property Security Registrations and Searches Services queues  (English + French),Sep,2018,722,0.87,,,,,,,,,,,,,,,,,,,,,,,,,,,,,
Personal Property Security Registrations and Searches Services queues  (English + French),Oct,2018,938,0.78,,,,,,,,,,,,,,,,,,,,,,,,,,,,,
Personal Property Security Registrations and Searches Services queues  (English + French),Nov,2018,"1,063",0.83,,,,,,,,,,,,,,,,,,,,,,,,,,,,,
Personal Property Security Registrations and Searches Services queues  (English + French),Dec,2018,698,1.07,,,,,,,,,,,,,,,,,,,,,,,,,,,,,
Personal Property Security Registrations and Searches Services queues  (English + French),Jan,2019,826,1.2,,,,,,,,,,,,,,,,,,,,,,,,,,,,,
Personal Property Security Registrations and Searches Services queues  (English + French),Feb,2019,781,1.35,,,,,,,,,,,,,,,,,,,,,,,,,,,,,
Personal Property Security Registrations and Searches Services queues  (English + French),Mar,2019,884,1.52,,,,,,,,,,,,,,,,,,,,,,,,,,,,,
Personal Property Security Registrations and Searches Services queues  (English + French),Apr,2019,839,2.18,,,,,,,,,,,,,,,,,,,,,,,,,,,,,
Personal Property Security Registrations and Searches Services queues  (English + French),May,2019,"1,031",1.53,,,,,,,,,,,,,,,,,,,,,,,,,,,,,
Personal Property Security Registrations and Searches Services queues  (English + French),Jun,2019,916,1.7,,,,,,,,,,,,,,,,,,,,,,,,,,,,,
Personal Property Security Registrations and Searches Services queues  (English + French),Jul,2019,"1,004",1.17,,,,,,,,,,,,,,,,,,,,,,,,,,,,,
Personal Property Security Registrations and Searches Services queues  (English + French),Aug,2019,"1,089",1.55,,,,,,,,,,,,,,,,,,,,,,,,,,,,,
Personal Property Security Registrations and Searches Services queues  (English + French),Sep,2019,911,1.47,,,,,,,,,,,,,,,,,,,,,,,,,,,,,
Private Security and Investigative Services queues (English + French),Jan,2016,"6,049",0.32,,,,,,,,,,,,,,,,,,,,,,,,,,,,,
Private Security and Investigative Services queues (English + French),Feb,2016,"6,643",0.43,,,,,,,,,,,,,,,,,,,,,,,,,,,,,
Private Security and Investigative Services queues (English + French),Mar,2016,"6,425",0.63,,,,,,,,,,,,,,,,,,,,,,,,,,,,,
Private Security and Investigative Services queues (English + French),Apr,2016,"6,711",0.43,,,,,,,,,,,,,,,,,,,,,,,,,,,,,
Private Security and Investigative Services queues (English + French),May,2016,"6,949",0.22,,,,,,,,,,,,,,,,,,,,,,,,,,,,,
Private Security and Investigative Services queues (English + French),Jun,2016,"7,527",0.27,,,,,,,,,,,,,,,,,,,,,,,,,,,,,
Private Security and Investigative Services queues (English + French),Jul,2016,"6,896",0.42,,,,,,,,,,,,,,,,,,,,,,,,,,,,,
Private Security and Investigative Services queues (English + French),Aug,2016,"6,994",0.38,,,,,,,,,,,,,,,,,,,,,,,,,,,,,
Private Security and Investigative Services queues (English + French),Sep,2016,"7,249",0.37,,,,,,,,,,,,,,,,,,,,,,,,,,,,,
Private Security and Investigative Services queues (English + French),Oct,2016,"7,765",0.7,,,,,,,,,,,,,,,,,,,,,,,,,,,,,
Private Security and Investigative Services queues (English + French),Nov,2016,"8,364",0.55,,,,,,,,,,,,,,,,,,,,,,,,,,,,,
Private Security and Investigative Services queues (English + French),Dec,2016,"7,859",0.57,,,,,,,,,,,,,,,,,,,,,,,,,,,,,
Private Security and Investigative Services queues (English + French),Jan,2017,"8,546",0.72,,,,,,,,,,,,,,,,,,,,,,,,,,,,,
Private Security and Investigative Services queues (English + French),Feb,2017,"7,105",1.18,,,,,,,,,,,,,,,,,,,,,,,,,,,,,
Private Security and Investigative Services queues (English + French),Mar,2017,"8,999",2.02,,,,,,,,,,,,,,,,,,,,,,,,,,,,,
Private Security and Investigative Services queues (English + French),Apr,2017,"7,019",0.95,,,,,,,,,,,,,,,,,,,,,,,,,,,,,
Private Security and Investigative Services queues (English + French),May,2017,"7,504",0.42,,,,,,,,,,,,,,,,,,,,,,,,,,,,,
Private Security and Investigative Services queues (English + French),Jun,2017,"6,627",0.18,,,,,,,,,,,,,,,,,,,,,,,,,,,,,
Private Security and Investigative Services queues (English + French),Jul,2017,"6,076",0.33,,,,,,,,,,,,,,,,,,,,,,,,,,,,,
Private Security and Investigative Services queues (English + French),Aug,2017,"5,919",0.28,,,,,,,,,,,,,,,,,,,,,,,,,,,,,
Private Security and Investigative Services queues (English + French),Sep,2017,"5,003",0.18,,,,,,,,,,,,,,,,,,,,,,,,,,,,,
Private Security and Investigative Services queues (English + French),Oct,2017,"5,410",0.25,,,,,,,,,,,,,,,,,,,,,,,,,,,,,
Private Security and Investigative Services queues (English + French),Nov,2017,"5,528",0.47,,,,,,,,,,,,,,,,,,,,,,,,,,,,,
Private Security and Investigative Services queues (English + French),Dec,2017,"4,921",0.43,,,,,,,,,,,,,,,,,,,,,,,,,,,,,
Private Security and Investigative Services queues (English + French),Jan,2018,"5,535",0.53,,,,,,,,,,,,,,,,,,,,,,,,,,,,,
Private Security and Investigative Services queues (English + French),Feb,2018,"4,440",0.42,,,,,,,,,,,,,,,,,,,,,,,,,,,,,
Private Security and Investigative Services queues (English + French),Mar,2018,"5,473",0.43,,,,,,,,,,,,,,,,,,,,,,,,,,,,,
Private Security and Investigative Services queues (English + French),Apr,2018,"5,479",0.97,,,,,,,,,,,,,,,,,,,,,,,,,,,,,
Private Security and Investigative Services queues (English + French),May,2018,"7,341",0.95,,,,,,,,,,,,,,,,,,,,,,,,,,,,,
Private Security and Investigative Services queues (English + French),Jun,2018,"6,691",0.6,,,,,,,,,,,,,,,,,,,,,,,,,,,,,
Private Security and Investigative Services queues (English + French),Jul,2018,"7,087",0.63,,,,,,,,,,,,,,,,,,,,,,,,,,,,,
Private Security and Investigative Services queues (English + French),Aug,2018,"8,363",0.97,,,,,,,,,,,,,,,,,,,,,,,,,,,,,
Private Security and Investigative Services queues (English + French),Sep,2018,"8,703",2,,,,,,,,,,,,,,,,,,,,,,,,,,,,,
Private Security and Investigative Services queues (English + French),Oct,2018,"9,346",1.98,,,,,,,,,,,,,,,,,,,,,,,,,,,,,
Private Security and Investigative Services queues (English + French),Nov,2018,"8,097",1.18,,,,,,,,,,,,,,,,,,,,,,,,,,,,,
Private Security and Investigative Services queues (English + French),Dec,2018,"6,967",0.92,,,,,,,,,,,,,,,,,,,,,,,,,,,,,
Private Security and Investigative Services queues (English + French),Jan,2019,"9,842",1.18,,,,,,,,,,,,,,,,,,,,,,,,,,,,,
Private Security and Investigative Services queues (English + French),Feb,2019,"8,089",0.45,,,,,,,,,,,,,,,,,,,,,,,,,,,,,
Private Security and Investigative Services queues (English + French),Mar,2019,"7,576",0.3,,,,,,,,,,,,,,,,,,,,,,,,,,,,,
Private Security and Investigative Services queues (English + French),Apr,2019,"6,806",0.28,,,,,,,,,,,,,,,,,,,,,,,,,,,,,
Private Security and Investigative Services queues (English + French),May,2019,"6,957",0.58,,,,,,,,,,,,,,,,,,,,,,,,,,,,,
Private Security and Investigative Services queues (English + French),Jun,2019,"5,334",0.32,,,,,,,,,,,,,,,,,,,,,,,,,,,,,
Private Security and Investigative Services queues (English + French),Jul,2019,"5,907",0.7,,,,,,,,,,,,,,,,,,,,,,,,,,,,,
Private Security and Investigative Services queues (English + French),Aug,2019,"5,201",0.4,,,,,,,,,,,,,,,,,,,,,,,,,,,,,
Private Security and Investigative Services queues (English + French),Sep,2019,"5,117",0.37,,,,,,,,,,,,,,,,,,,,,,,,,,,,,
Publications queues  (English + French),Jan,2016,"3,591",0.75,,,,,,,,,,,,,,,,,,,,,,,,,,,,,
Publications queues  (English + French),Feb,2016,"3,399",0.72,,,,,,,,,,,,,,,,,,,,,,,,,,,,,
Publications queues  (English + French),Mar,2016,"3,571",0.5,,,,,,,,,,,,,,,,,,,,,,,,,,,,,
Publications queues  (English + French),Apr,2016,"3,483",0.45,,,,,,,,,,,,,,,,,,,,,,,,,,,,,
Publications queues  (English + French),May,2016,"3,196",0.48,,,,,,,,,,,,,,,,,,,,,,,,,,,,,
Publications queues  (English + French),Jun,2016,"2,997",0.45,,,,,,,,,,,,,,,,,,,,,,,,,,,,,
Publications queues  (English + French),Jul,2016,"2,497",0.35,,,,,,,,,,,,,,,,,,,,,,,,,,,,,
Publications queues  (English + French),Aug,2016,"2,862",0.25,,,,,,,,,,,,,,,,,,,,,,,,,,,,,
Publications queues  (English + French),Sep,2016,"3,056",0.47,,,,,,,,,,,,,,,,,,,,,,,,,,,,,
Publications queues  (English + French),Oct,2016,"2,914",0.48,,,,,,,,,,,,,,,,,,,,,,,,,,,,,
Publications queues  (English + French),Nov,2016,"2,717",0.37,,,,,,,,,,,,,,,,,,,,,,,,,,,,,
Publications queues  (English + French),Dec,2016,"1,689",1.78,,,,,,,,,,,,,,,,,,,,,,,,,,,,,
Publications queues  (English + French),Jan,2017,"2,792",1.25,,,,,,,,,,,,,,,,,,,,,,,,,,,,,
Publications queues  (English + French),Feb,2017,"2,386",1.6,,,,,,,,,,,,,,,,,,,,,,,,,,,,,
Publications queues  (English + French),Mar,2017,"2,931",0.9,,,,,,,,,,,,,,,,,,,,,,,,,,,,,
Publications queues  (English + French),Apr,2017,"2,125",0.97,,,,,,,,,,,,,,,,,,,,,,,,,,,,,
Publications queues  (English + French),May,2017,"2,421",1.6,,,,,,,,,,,,,,,,,,,,,,,,,,,,,
Publications queues  (English + French),Jun,2017,"2,351",1.12,,,,,,,,,,,,,,,,,,,,,,,,,,,,,
Publications queues  (English + French),Jul,2017,"2,205",0.78,,,,,,,,,,,,,,,,,,,,,,,,,,,,,
Publications queues  (English + French),Aug,2017,"2,515",0.5,,,,,,,,,,,,,,,,,,,,,,,,,,,,,
Publications queues  (English + French),Sep,2017,"2,330",0.3,,,,,,,,,,,,,,,,,,,,,,,,,,,,,
Publications queues  (English + French),Oct,2017,"2,334",0.47,,,,,,,,,,,,,,,,,,,,,,,,,,,,,
Publications queues  (English + French),Nov,2017,"2,110",0.37,,,,,,,,,,,,,,,,,,,,,,,,,,,,,
Publications queues  (English + French),Dec,2017,"1,476",0.3,,,,,,,,,,,,,,,,,,,,,,,,,,,,,
Publications queues  (English + French),Jan,2018,"2,589",0.37,,,,,,,,,,,,,,,,,,,,,,,,,,,,,
Publications queues  (English + French),Feb,2018,"2,249",0.15,,,,,,,,,,,,,,,,,,,,,,,,,,,,,
Publications queues  (English + French),Mar,2018,"2,483",0.22,,,,,,,,,,,,,,,,,,,,,,,,,,,,,
Publications queues  (English + French),Apr,2018,"2,346",0.47,,,,,,,,,,,,,,,,,,,,,,,,,,,,,
Publications queues  (English + French),May,2018,"2,590",0.37,,,,,,,,,,,,,,,,,,,,,,,,,,,,,
Publications queues  (English + French),Jun,2018,"2,330",0.42,,,,,,,,,,,,,,,,,,,,,,,,,,,,,
Publications queues  (English + French),Jul,2018,"2,286",0.92,,,,,,,,,,,,,,,,,,,,,,,,,,,,,
Publications queues  (English + French),Aug,2018,"2,138",0.72,,,,,,,,,,,,,,,,,,,,,,,,,,,,,
Publications queues  (English + French),Sep,2018,"1,847",0.9,,,,,,,,,,,,,,,,,,,,,,,,,,,,,
Publications queues  (English + French),Oct,2018,"2,104",0.8,,,,,,,,,,,,,,,,,,,,,,,,,,,,,
Publications queues  (English + French),Nov,2018,"1,700",0.68,,,,,,,,,,,,,,,,,,,,,,,,,,,,,
Publications queues  (English + French),Dec,2018,"1,239",0.42,,,,,,,,,,,,,,,,,,,,,,,,,,,,,
Publications queues  (English + French),Jan,2019,"2,139",0.32,,,,,,,,,,,,,,,,,,,,,,,,,,,,,
Publications queues  (English + French),Feb,2019,"1,599",0.32,,,,,,,,,,,,,,,,,,,,,,,,,,,,,
Publications queues  (English + French),Mar,2019,"1,844",0.47,,,,,,,,,,,,,,,,,,,,,,,,,,,,,
Publications queues  (English + French),Apr,2019,"1,988",1.18,,,,,,,,,,,,,,,,,,,,,,,,,,,,,
Publications queues  (English + French),May,2019,"1,586",1.95,,,,,,,,,,,,,,,,,,,,,,,,,,,,,
Publications queues  (English + French),Jun,2019,"1,349",2.27,,,,,,,,,,,,,,,,,,,,,,,,,,,,,
Publications queues  (English + French),Jul,2019,"1,190",7.37,,,,,,,,,,,,,,,,,,,,,,,,,,,,,
Publications queues  (English + French),Aug,2019,"1,794",2.5,,,,,,,,,,,,,,,,,,,,,,,,,,,,,
Publications queues  (English + French),Sep,2019,"1,904",2.78,,,,,,,,,,,,,,,,,,,,,,,,,,,,,
Vital Statistics Registrations and Certificates Services queues (English + French),Jan,2016,"33,164",0.93,,,,,,,,,,,,,,,,,,,,,,,,,,,,,
Vital Statistics Registrations and Certificates Services queues (English + French),Feb,2016,"31,922",1.51,,,,,,,,,,,,,,,,,,,,,,,,,,,,,
Vital Statistics Registrations and Certificates Services queues (English + French),Mar,2016,"32,695",0.98,,,,,,,,,,,,,,,,,,,,,,,,,,,,,
Vital Statistics Registrations and Certificates Services queues (English + French),Apr,2016,"33,579",1.68,,,,,,,,,,,,,,,,,,,,,,,,,,,,,
Vital Statistics Registrations and Certificates Services queues (English + French),May,2016,"30,691",1.81,,,,,,,,,,,,,,,,,,,,,,,,,,,,,
Vital Statistics Registrations and Certificates Services queues (English + French),Jun,2016,"30,951",0.64,,,,,,,,,,,,,,,,,,,,,,,,,,,,,
Vital Statistics Registrations and Certificates Services queues (English + French),Jul,2016,"30,582",0.98,,,,,,,,,,,,,,,,,,,,,,,,,,,,,
Vital Statistics Registrations and Certificates Services queues (English + French),Aug,2016,"32,514",1.27,,,,,,,,,,,,,,,,,,,,,,,,,,,,,
Vital Statistics Registrations and Certificates Services queues (English + French),Sep,2016,"29,438",0.76,,,,,,,,,,,,,,,,,,,,,,,,,,,,,
Vital Statistics Registrations and Certificates Services queues (English + French),Oct,2016,"28,797",0.54,,,,,,,,,,,,,,,,,,,,,,,,,,,,,
Vital Statistics Registrations and Certificates Services queues (English + French),Nov,2016,"31,185",0.78,,,,,,,,,,,,,,,,,,,,,,,,,,,,,
Vital Statistics Registrations and Certificates Services queues (English + French),Dec,2016,"25,231",0.51,,,,,,,,,,,,,,,,,,,,,,,,,,,,,
Vital Statistics Registrations and Certificates Services queues (English + French),Jan,2017,"33,425",0.93,,,,,,,,,,,,,,,,,,,,,,,,,,,,,
Vital Statistics Registrations and Certificates Services queues (English + French),Feb,2017,"29,557",0.67,,,,,,,,,,,,,,,,,,,,,,,,,,,,,
Vital Statistics Registrations and Certificates Services queues (English + French),Mar,2017,"33,985",0.68,,,,,,,,,,,,,,,,,,,,,,,,,,,,,
Vital Statistics Registrations and Certificates Services queues (English + French),Apr,2017,"27,222",1.27,,,,,,,,,,,,,,,,,,,,,,,,,,,,,
Vital Statistics Registrations and Certificates Services queues (English + French),May,2017,"32,715",1.33,,,,,,,,,,,,,,,,,,,,,,,,,,,,,
Vital Statistics Registrations and Certificates Services queues (English + French),Jun,2017,"31,230",1,,,,,,,,,,,,,,,,,,,,,,,,,,,,,
Vital Statistics Registrations and Certificates Services queues (English + French),Jul,2017,"32,281",1.03,,,,,,,,,,,,,,,,,,,,,,,,,,,,,
Vital Statistics Registrations and Certificates Services queues (English + French),Aug,2017,"35,699",0.63,,,,,,,,,,,,,,,,,,,,,,,,,,,,,
Vital Statistics Registrations and Certificates Services queues (English + French),Sep,2017,"31,620",0.67,,,,,,,,,,,,,,,,,,,,,,,,,,,,,
Vital Statistics Registrations and Certificates Services queues (English + French),Oct,2017,"33,560",0.78,,,,,,,,,,,,,,,,,,,,,,,,,,,,,
Vital Statistics Registrations and Certificates Services queues (English + French),Nov,2017,"33,651",1.13,,,,,,,,,,,,,,,,,,,,,,,,,,,,,
Vital Statistics Registrations and Certificates Services queues (English + French),Dec,2017,"26,811",0.7,,,,,,,,,,,,,,,,,,,,,,,,,,,,,
Vital Statistics Registrations and Certificates Services queues (English + French),Jan,2018,"36,661",0.65,,,,,,,,,,,,,,,,,,,,,,,,,,,,,
Vital Statistics Registrations and Certificates Services queues (English + French),Feb,2018,"30,147",0.38,,,,,,,,,,,,,,,,,,,,,,,,,,,,,
Vital Statistics Registrations and Certificates Services queues (English + French),Mar,2018,"31,928",0.23,,,,,,,,,,,,,,,,,,,,,,,,,,,,,
Vital Statistics Registrations and Certificates Services queues (English + French),Apr,2018,"27,910",0.35,,,,,,,,,,,,,,,,,,,,,,,,,,,,,
Vital Statistics Registrations and Certificates Services queues (English + French),May,2018,"32,421",0.35,,,,,,,,,,,,,,,,,,,,,,,,,,,,,
Vital Statistics Registrations and Certificates Services queues (English + French),Jun,2018,"31,485",0.45,,,,,,,,,,,,,,,,,,,,,,,,,,,,,
Vital Statistics Registrations and Certificates Services queues (English + French),Jul,2018,"33,692",1.03,,,,,,,,,,,,,,,,,,,,,,,,,,,,,
Vital Statistics Registrations and Certificates Services queues (English + French),Aug,2018,"36,699",3.55,,,,,,,,,,,,,,,,,,,,,,,,,,,,,
Vital Statistics Registrations and Certificates Services queues (English + French),Sep,2018,"31,650",4.7,,,,,,,,,,,,,,,,,,,,,,,,,,,,,
Vital Statistics Registrations and Certificates Services queues (English + French),Oct,2018,"35,293",6.6,,,,,,,,,,,,,,,,,,,,,,,,,,,,,
Vital Statistics Registrations and Certificates Services queues (English + French),Nov,2018,"34,196",7.6,,,,,,,,,,,,,,,,,,,,,,,,,,,,,
Vital Statistics Registrations and Certificates Services queues (English + French),Dec,2018,"28,906",6.37,,,,,,,,,,,,,,,,,,,,,,,,,,,,,
Vital Statistics Registrations and Certificates Services queues (English + French),Jan,2019,"38,037",8.55,,,,,,,,,,,,,,,,,,,,,,,,,,,,,
Vital Statistics Registrations and Certificates Services queues (English + French),Feb,2019,"34,155",6.87,,,,,,,,,,,,,,,,,,,,,,,,,,,,,
Vital Statistics Registrations and Certificates Services queues (English + French),Mar,2019,"36,408",3.4,,,,,,,,,,,,,,,,,,,,,,,,,,,,,
Vital Statistics Registrations and Certificates Services queues (English + French),Apr,2019,"32,314",1.22,,,,,,,,,,,,,,,,,,,,,,,,,,,,,
Vital Statistics Registrations and Certificates Services queues (English + French),May,2019,"32,028",1.52,,,,,,,,,,,,,,,,,,,,,,,,,,,,,
Vital Statistics Registrations and Certificates Services queues (English + French),Jun,2019,"28,046",0.3,,,,,,,,,,,,,,,,,,,,,,,,,,,,,
Vital Statistics Registrations and Certificates Services queues (English + French),Jul,2019,"32,490",0.23,,,,,,,,,,,,,,,,,,,,,,,,,,,,,
Vital Statistics Registrations and Certificates Services queues (English + French),Aug,2019,"30,908",0.28,,,,,,,,,,,,,,,,,,,,,,,,,,,,,
Vital Statistics Registrations and Certificates Services queues (English + French),Sep,2019,"30,356",0.33,,,,,,,,,,,,,,,,,,,,,,,,,,,,,
General Inquiry queues (English + French),Jan,2016,"12,172",0.26,,,,,,,,,,,,,,,,,,,,,,,,,,,,,
General Inquiry queues (English + French),Feb,2016,"10,748",1.76,,,,,,,,,,,,,,,,,,,,,,,,,,,,,
General Inquiry queues (English + French),Mar,2016,"10,519",2.29,,,,,,,,,,,,,,,,,,,,,,,,,,,,,
General Inquiry queues (English + French),Apr,2016,"11,730",1.31,,,,,,,,,,,,,,,,,,,,,,,,,,,,,
General Inquiry queues (English + French),May,2016,"12,145",0.69,,,,,,,,,,,,,,,,,,,,,,,,,,,,,
General Inquiry queues (English + French),Jun,2016,"12,251",0.82,,,,,,,,,,,,,,,,,,,,,,,,,,,,,
General Inquiry queues (English + French),Jul,2016,"11,284",0.59,,,,,,,,,,,,,,,,,,,,,,,,,,,,,
General Inquiry queues (English + French),Aug,2016,"12,858",0.5,,,,,,,,,,,,,,,,,,,,,,,,,,,,,
General Inquiry queues (English + French),Sep,2016,"12,999",0.42,,,,,,,,,,,,,,,,,,,,,,,,,,,,,
General Inquiry queues (English + French),Oct,2016,"12,421",0.6,,,,,,,,,,,,,,,,,,,,,,,,,,,,,
General Inquiry queues (English + French),Nov,2016,"12,008",0.43,,,,,,,,,,,,,,,,,,,,,,,,,,,,,
General Inquiry queues (English + French),Dec,2016,"10,359",0.3,,,,,,,,,,,,,,,,,,,,,,,,,,,,,
General Inquiry queues (English + French),Jan,2017,"12,230",0.49,,,,,,,,,,,,,,,,,,,,,,,,,,,,,
General Inquiry queues (English + French),Feb,2017,"11,075",0.63,,,,,,,,,,,,,,,,,,,,,,,,,,,,,
General Inquiry queues (English + French),Mar,2017,"13,331",0.78,,,,,,,,,,,,,,,,,,,,,,,,,,,,,
General Inquiry queues (English + French),Apr,2017,"10,614",0.9,,,,,,,,,,,,,,,,,,,,,,,,,,,,,
General Inquiry queues (English + French),May,2017,"12,744",1.14,,,,,,,,,,,,,,,,,,,,,,,,,,,,,
General Inquiry queues (English + French),Jun,2017,"11,819",1.07,,,,,,,,,,,,,,,,,,,,,,,,,,,,,
General Inquiry queues (English + French),Jul,2017,"11,574",0.48,,,,,,,,,,,,,,,,,,,,,,,,,,,,,
General Inquiry queues (English + French),Aug,2017,"14,891",0.4,,,,,,,,,,,,,,,,,,,,,,,,,,,,,
General Inquiry queues (English + French),Sep,2017,"14,595",0.42,,,,,,,,,,,,,,,,,,,,,,,,,,,,,
General Inquiry queues (English + French),Oct,2017,"12,542",1.01,,,,,,,,,,,,,,,,,,,,,,,,,,,,,
General Inquiry queues (English + French),Nov,2017,"11,189",0.74,,,,,,,,,,,,,,,,,,,,,,,,,,,,,
General Inquiry queues (English + French),Dec,2017,"8,878",0.32,,,,,,,,,,,,,,,,,,,,,,,,,,,,,
General Inquiry queues (English + French),Jan,2018,"11,380",0.54,,,,,,,,,,,,,,,,,,,,,,,,,,,,,
General Inquiry queues (English + French),Feb,2018,"9,777",0.42,,,,,,,,,,,,,,,,,,,,,,,,,,,,,
General Inquiry queues (English + French),Mar,2018,"11,925",0.47,,,,,,,,,,,,,,,,,,,,,,,,,,,,,
General Inquiry queues (English + French),Apr,2018,"9,571",0.89,,,,,,,,,,,,,,,,,,,,,,,,,,,,,
General Inquiry queues (English + French),May,2018,"11,881",0.75,,,,,,,,,,,,,,,,,,,,,,,,,,,,,
General Inquiry queues (English + French),Jun,2018,"11,228",0.52,,,,,,,,,,,,,,,,,,,,,,,,,,,,,
General Inquiry queues (English + French),Jul,2018,"13,226",0.58,,,,,,,,,,,,,,,,,,,,,,,,,,,,,
General Inquiry queues (English + French),Aug,2018,"13,950",0.87,,,,,,,,,,,,,,,,,,,,,,,,,,,,,
General Inquiry queues (English + French),Sep,2018,"11,772",0.86,,,,,,,,,,,,,,,,,,,,,,,,,,,,,
General Inquiry queues (English + French),Oct,2018,"12,467",0.43,,,,,,,,,,,,,,,,,,,,,,,,,,,,,
General Inquiry queues (English + French),Nov,2018,"12,136",0.36,,,,,,,,,,,,,,,,,,,,,,,,,,,,,
General Inquiry queues (English + French),Dec,2018,"9,815",0.35,,,,,,,,,,,,,,,,,,,,,,,,,,,,,
General Inquiry queues (English + French),Jan,2019,"11,435",0.46,,,,,,,,,,,,,,,,,,,,,,,,,,,,,
General Inquiry queues (English + French),Feb,2019,"10,122",0.47,,,,,,,,,,,,,,,,,,,,,,,,,,,,,
General Inquiry queues (English + French),Mar,2019,"11,512",0.94,,,,,,,,,,,,,,,,,,,,,,,,,,,,,
General Inquiry queues (English + French),Apr,2019,"11,426",0.98,,,,,,,,,,,,,,,,,,,,,,,,,,,,,
General Inquiry queues (English + French),May,2019,"12,508",0.91,,,,,,,,,,,,,,,,,,,,,,,,,,,,,
General Inquiry queues (English + French),Jun,2019,"10,843",0.78,,,,,,,,,,,,,,,,,,,,,,,,,,,,,
General Inquiry queues (English + French),Jul,2019,"11,103",1.02,,,,,,,,,,,,,,,,,,,,,,,,,,,,,
General Inquiry queues (English + French),Aug,2019,"11,355",0.95,,,,,,,,,,,,,,,,,,,,,,,,,,,,,
General Inquiry queues (English + French),Sep,2019,"10,570",0.36,,,,,,,,,,,,,,,,,,,,,,,,,,,,,
Basic Income (English + French),Apr,2017,306,0.1,,,,,,,,,,,,,,,,,,,,,,,,,,,,,
Basic Income (English + French),May,2017,371,0.05,,,,,,,,,,,,,,,,,,,,,,,,,,,,,
Basic Income (English + French),Jun,2017,222,0.5,,,,,,,,,,,,,,,,,,,,,,,,,,,,,
Basic Income (English + French),Jul,2017,110,0.05,,,,,,,,,,,,,,,,,,,,,,,,,,,,,
Basic Income (English + French),Aug,2017,427,0.05,,,,,,,,,,,,,,,,,,,,,,,,,,,,,
Basic Income (English + French),Sep,2017,931,0.05,,,,,,,,,,,,,,,,,,,,,,,,,,,,,
Basic Income (English + French),Oct,2017,"1,267",0.4,,,,,,,,,,,,,,,,,,,,,,,,,,,,,
Basic Income (English + French),Nov,2017,"1,879",0.42,,,,,,,,,,,,,,,,,,,,,,,,,,,,,
Basic Income (English + French),Dec,2017,"1,672",0.12,,,,,,,,,,,,,,,,,,,,,,,,,,,,,
Basic Income (English + French),Jan,2018,"1,958",0.1,,,,,,,,,,,,,,,,,,,,,,,,,,,,,
Basic Income (English + French),Feb,2018,"1,714",0.1,,,,,,,,,,,,,,,,,,,,,,,,,,,,,
Basic Income (English + French),Mar,2018,"2,005",0.47,,,,,,,,,,,,,,,,,,,,,,,,,,,,,
Basic Income (English + French),Apr,2018,"2,120",1.5,,,,,,,,,,,,,,,,,,,,,,,,,,,,,
Basic Income (English + French),May,2018,"1,234",0.72,,,,,,,,,,,,,,,,,,,,,,,,,,,,,
Basic Income (English + French),Jun,2018,541,0.57,,,,,,,,,,,,,,,,,,,,,,,,,,,,,
Basic Income (English + French) DISCONTINUED,Jul,2018,0,0,,,,,,,,,,,,,,,,,,,,,,,,,,,,,
Transfer Payment Common Registration & Grants Ontario Queues (English + French),Apr,2017,722,0.9,,,,,,,,,,,,,,,,,,,,,,,,,,,,,
Transfer Payment Common Registration & Grants Ontario Queues (English + French),May,2017,773,0.75,,,,,,,,,,,,,,,,,,,,,,,,,,,,,
Transfer Payment Common Registration & Grants Ontario Queues (English + French),Jun,2017,"1,110",0.75,,,,,,,,,,,,,,,,,,,,,,,,,,,,,
Transfer Payment Common Registration & Grants Ontario Queues (English + French),Jul,2017,"1,047",4.3,,,,,,,,,,,,,,,,,,,,,,,,,,,,,
Transfer Payment Common Registration & Grants Ontario Queues (English + French),Aug,2017,831,1.93,,,,,,,,,,,,,,,,,,,,,,,,,,,,,
Transfer Payment Common Registration & Grants Ontario Queues (English + French),Sep,2017,"1,092",1.03,,,,,,,,,,,,,,,,,,,,,,,,,,,,,
Transfer Payment Common Registration & Grants Ontario Queues (English + French),Oct,2017,"1,394",0.9,,,,,,,,,,,,,,,,,,,,,,,,,,,,,
Transfer Payment Common Registration & Grants Ontario Queues (English + French),Nov,2017,"1,679",2.03,,,,,,,,,,,,,,,,,,,,,,,,,,,,,
Transfer Payment Common Registration & Grants Ontario Queues (English + French),Dec,2017,"1,100",1.3,,,,,,,,,,,,,,,,,,,,,,,,,,,,,
Transfer Payment Common Registration & Grants Ontario Queues (English + French),Jan,2018,"2,189",1.73,,,,,,,,,,,,,,,,,,,,,,,,,,,,,
Transfer Payment Common Registration & Grants Ontario Queues (English + French),Feb,2018,"1,691",0.77,,,,,,,,,,,,,,,,,,,,,,,,,,,,,
Transfer Payment Common Registration & Grants Ontario Queues (English + French),Mar,2018,"2,589",1,,,,,,,,,,,,,,,,,,,,,,,,,,,,,
Transfer Payment Common Registration & Grants Ontario Queues (English + French),Apr,2018,"2,051",1.9,,,,,,,,,,,,,,,,,,,,,,,,,,,,,
Transfer Payment Common Registration & Grants Ontario Queues (English + French),May,2018,"1,690",0.67,,,,,,,,,,,,,,,,,,,,,,,,,,,,,
Transfer Payment Common Registration & Grants Ontario Queues (English + French),Jun,2018,"1,529",0.88,,,,,,,,,,,,,,,,,,,,,,,,,,,,,
Transfer Payment Common Registration & Grants Ontario Queues (English + French),Jul,2018,"1,064",0.7,,,,,,,,,,,,,,,,,,,,,,,,,,,,,
Transfer Payment Common Registration & Grants Ontario Queues (English + French),Aug,2018,798,0.25,,,,,,,,,,,,,,,,,,,,,,,,,,,,,
Transfer Payment Common Registration & Grants Ontario Queues (English + French),Sep,2018,813,0.17,,,,,,,,,,,,,,,,,,,,,,,,,,,,,
Transfer Payment Common Registration & Grants Ontario Queues (English + French),Oct,2018,888,0.27,,,,,,,,,,,,,,,,,,,,,,,,,,,,,
Transfer Payment Common Registration & Grants Ontario Queues (English + French),Nov,2018,874,0.2,,,,,,,,,,,,,,,,,,,,,,,,,,,,,
Transfer Payment Common Registration & Grants Ontario Queues (English + French),Dec,2018,708,0.15,,,,,,,,,,,,,,,,,,,,,,,,,,,,,
Transfer Payment Common Registration & Grants Ontario Queues (English + French),Jan,2019,"1,205",0.27,,,,,,,,,,,,,,,,,,,,,,,,,,,,,
Transfer Payment Common Registration & Grants Ontario Queues (English + French),Feb,2019,782,0.52,,,,,,,,,,,,,,,,,,,,,,,,,,,,,
Transfer Payment Common Registration & Grants Ontario Queues (English + French),Mar,2019,"1,035",1.17,,,,,,,,,,,,,,,,,,,,,,,,,,,,,
Transfer Payment Common Registration & Grants Ontario Queues (English + French),Apr,2019,"1,068",0.62,,,,,,,,,,,,,,,,,,,,,,,,,,,,,
Transfer Payment Common Registration & Grants Ontario Queues (English + French),May,2019,"1,231",0.88,,,,,,,,,,,,,,,,,,,,,,,,,,,,,
Transfer Payment Common Registration & Grants Ontario Queues (English + French),Jun,2019,"1,616",11.75,,,,,,,,,,,,,,,,,,,,,,,,,,,,,
Transfer Payment Common Registration & Grants Ontario Queues (English + French),Jul,2019,793,7.35,,,,,,,,,,,,,,,,,,,,,,,,,,,,,
Transfer Payment Common Registration & Grants Ontario Queues (English + French),Aug,2019,608,3.15,,,,,,,,,,,,,,,,,,,,,,,,,,,,,
Transfer Payment Common Registration & Grants Ontario Queues (English + French),Sep,2019,797,3.88,,,,,,,,,,,,,,,,,,,,,,,,,,,,,
Energy and Water Reporting and Benchmarking Queues (English + French),Oct,2017,3,0.82,,,,,,,,,,,,,,,,,,,,,,,,,,,,,
Energy and Water Reporting and Benchmarking Queues (English + French),Nov,2017,13,0.53,,,,,,,,,,,,,,,,,,,,,,,,,,,,,
Energy and Water Reporting and Benchmarking Queues (English + French),Dec,2017,62,1.5,,,,,,,,,,,,,,,,,,,,,,,,,,,,,
Energy and Water Reporting and Benchmarking Queues (English + French),Jan,2018,141,0.45,,,,,,,,,,,,,,,,,,,,,,,,,,,,,
Energy and Water Reporting and Benchmarking Queues (English + French),Feb,2018,69,1.07,,,,,,,,,,,,,,,,,,,,,,,,,,,,,
Energy and Water Reporting and Benchmarking Queues (English + French),Mar,2018,46,0.1,,,,,,,,,,,,,,,,,,,,,,,,,,,,,
Energy and Water Reporting and Benchmarking Queues (English + French),Apr,2018,41,0.13,,,,,,,,,,,,,,,,,,,,,,,,,,,,,
Energy and Water Reporting and Benchmarking Queues (English + French),May,2018,130,0.38,,,,,,,,,,,,,,,,,,,,,,,,,,,,,
Energy and Water Reporting and Benchmarking Queues (English + French),Jun,2018,154,0.73,,,,,,,,,,,,,,,,,,,,,,,,,,,,,
Energy and Water Reporting and Benchmarking Queues (English + French),Jul,2018,20,0.68,,,,,,,,,,,,,,,,,,,,,,,,,,,,,
Energy and Water Reporting and Benchmarking Queues (English + French),Aug,2018,4,0.67,,,,,,,,,,,,,,,,,,,,,,,,,,,,,
Energy and Water Reporting and Benchmarking Queues (English + French),Sep,2018,7,0.35,,,,,,,,,,,,,,,,,,,,,,,,,,,,,
Energy and Water Reporting and Benchmarking Queues (English + French),Oct,2018,11,2.4,,,,,,,,,,,,,,,,,,,,,,,,,,,,,
Energy and Water Reporting and Benchmarking Queues (English + French),Nov,2018,17,0.48,,,,,,,,,,,,,,,,,,,,,,,,,,,,,
Energy and Water Reporting and Benchmarking Queues (English + French),Dec,2018,538,2.27,,,,,,,,,,,,,,,,,,,,,,,,,,,,,
Energy and Water Reporting and Benchmarking Queues (English + French),Jan,2019,458,1.57,,,,,,,,,,,,,,,,,,,,,,,,,,,,,
Energy and Water Reporting and Benchmarking Queues (English + French),Feb,2019,199,1.52,,,,,,,,,,,,,,,,,,,,,,,,,,,,,
Energy and Water Reporting and Benchmarking Queues (English + French),Mar,2019,381,2.03,,,,,,,,,,,,,,,,,,,,,,,,,,,,,
Energy and Water Reporting and Benchmarking Queues (English + French),Apr,2019,258,2.97,,,,,,,,,,,,,,,,,,,,,,,,,,,,,
Energy and Water Reporting and Benchmarking Queues (English + French),May,2019,316,3.02,,,,,,,,,,,,,,,,,,,,,,,,,,,,,
Energy and Water Reporting and Benchmarking Queues (English + French),Jun,2019,706,2.55,,,,,,,,,,,,,,,,,,,,,,,,,,,,,
Energy and Water Reporting and Benchmarking Queues (English + French),Jul,2019,201,3.5,,,,,,,,,,,,,,,,,,,,,,,,,,,,,
Energy and Water Reporting and Benchmarking Queues (English + French),Aug,2019,25,2.5,,,,,,,,,,,,,,,,,,,,,,,,,,,,,
Energy and Water Reporting and Benchmarking Queues (English + French),Sep,2019,19,5.65,,,,,,,,,,,,,,,,,,,,,,,,,,,,,
Ministry of Community and Social Services Mobile Pilot Queues (English + French),Apr,2018,7,0.47,,,,,,,,,,,,,,,,,,,,,,,,,,,,,
Ministry of Community and Social Services Mobile Pilot Queues (English + French),May,2018,0,0,,,,,,,,,,,,,,,,,,,,,,,,,,,,,
Ministry of Community and Social Services Mobile Pilot Queues (English + French),Jun,2018,1,0.08,,,,,,,,,,,,,,,,,,,,,,,,,,,,,
Ministry of Community and Social Services Mobile Pilot Queues (English + French),Jul,2018,4,2.57,,,,,,,,,,,,,,,,,,,,,,,,,,,,,
Ministry of Community and Social Services Mobile Pilot Queues (English + French),Aug,2018,0,0,,,,,,,,,,,,,,,,,,,,,,,,,,,,,
Ministry of Community and Social Services Mobile Pilot Queues (English + French),Sep,2018,2,0.08,,,,,,,,,,,,,,,,,,,,,,,,,,,,,
Ministry of Community and Social Services Mobile Pilot Queues (English + French),Oct,2018,5,0.68,,,,,,,,,,,,,,,,,,,,,,,,,,,,,
Ministry of Community and Social Services Mobile Pilot Queues (English + French),Nov,2018,17,1.05,,,,,,,,,,,,,,,,,,,,,,,,,,,,,
Ministry of Community and Social Services Mobile Pilot Queues (English + French),Dec,2018,24,1.55,,,,,,,,,,,,,,,,,,,,,,,,,,,,,
Ministry of Community and Social Services Mobile Pilot Queues (English + French),Jan,2019,59,1.7,,,,,,,,,,,,,,,,,,,,,,,,,,,,,
Ministry of Community and Social Services Mobile Pilot Queues (English + French),Feb,2019,44,3.2,,,,,,,,,,,,,,,,,,,,,,,,,,,,,
Ministry of Community and Social Services Mobile Pilot Queues (English + French),Mar,2019,94,0.28,,,,,,,,,,,,,,,,,,,,,,,,,,,,,
Ministry of Community and Social Services Mobile Pilot Queues (English + French),Apr,2019,69,0.25,,,,,,,,,,,,,,,,,,,,,,,,,,,,,
Ministry of Community and Social Services Mobile Pilot Queues (English + French),May,2019,123,0.55,,,,,,,,,,,,,,,,,,,,,,,,,,,,,
Ministry of Community and Social Services Mobile Pilot Queues (English + French),Jun,2019,115,0.72,,,,,,,,,,,,,,,,,,,,,,,,,,,,,
"Ministry of Children, Community and Social Services Programs Queues (English + French)",Jul,2019,"3,768",2.3,,,,,,,,,,,,,,,,,,,,,,,,,,,,,
"Ministry of Children, Community and Social Services Programs Queues (English + French)",Aug,2019,"3,695",1.88,,,,,,,,,,,,,,,,,,,,,,,,,,,,,
"Ministry of Children, Community and Social Services Programs Queues (English + French)",Sep,2019,"4,035",1.47,,,,,,,,,,,,,,,,,,,,,,,,,,,,,
